event_number,event_time,pp_height,p_ratio,p_dist,fwhm1,fwhm2
1,29.23,13713.0,0.47,4,2,6
2,107.36,13340.0,0.53,4,1,4
3,241.73,33200.0,0.708,4,2,4
4,242.83,12702.0,0.525,4,2,3
5,288.45,18415.0,0.561,4,1,5
6,321.22,27927.0,0.502,4,1,4
7,326.04,33118.0,0.699,4,1,5
8,341.76,11096.0,0.603,4,2,3
9,348.61,18095.0,0.547,4,2,4
10,736.64,31269.0,0.782,4,-1,5
11,822.15,24853.0,1.238,14,13,20
12,822.2,16653.0,0.927,15,12,15
13,822.22,12493.0,0.737,20,9,19
14,822.9,15605.0,0.552,4,2,5
15,823.37,31126.0,0.866,4,2,6
16,824.14,10989.0,0.478,7,5,5
17,824.54,26350.0,0.483,4,2,6
18,826.04,18333.0,0.563,4,2,4
19,827.51,32723.0,0.708,4,2,6
20,828.32,15266.0,0.38,5,1,7
21,829.43,23445.0,0.595,4,2,5
22,831.93,14218.0,0.471,5,-1,5
23,833.21,16055.0,0.585,5,2,4
24,834.23,33737.0,0.813,5,-1,5
25,836.11,32862.0,0.789,4,-1,5
26,836.98,29723.0,0.689,4,2,5
27,837.17,12756.0,0.602,6,1,5
28,838.65,25667.0,0.433,4,1,5
29,839.33,17566.0,0.527,4,2,4
30,839.84,11401.0,0.694,3,2,4
31,846.35,22749.0,0.486,4,-1,5
32,847.44,9693.0,0.592,6,2,4
33,849.4,22208.0,0.504,4,-1,5
34,854.31,26280.0,0.534,4,2,5
35,861.67,10240.0,0.501,5,-1,4
36,866.13,12108.0,0.524,4,2,5
37,871.44,31875.0,0.667,4,2,5
38,873.51,13842.0,0.593,4,2,4
39,876.48,9834.0,0.535,3,-1,4
40,884.43,15119.0,0.569,4,1,4
41,889.09,15879.0,0.431,5,-1,6
42,894.98,12316.0,0.445,4,2,4
43,899.6,26480.0,0.547,4,2,5
44,899.78,8669.0,0.584,4,2,5
45,903.42,28169.0,0.701,5,-1,6
46,908.84,28846.0,0.508,4,-1,4
47,909.42,22663.0,0.508,5,2,5
48,911.57,9134.0,0.516,4,2,5
49,916.87,31420.0,0.65,4,2,4
50,917.78,25501.0,0.677,4,2,5
51,919.0,16689.0,0.451,4,1,5
52,920.3,18799.0,0.487,4,1,4
53,921.39,32789.0,0.84,4,-1,5
54,928.11,19607.0,0.621,4,-1,5
55,931.1,10262.0,0.643,2,2,4
56,932.16,10465.0,0.534,4,1,4
57,932.31,12378.0,0.517,5,1,1
58,933.04,22029.0,0.475,4,1,4
59,934.49,12965.0,0.664,4,-1,3
60,935.15,29547.0,0.726,4,2,4
61,945.14,17688.0,0.43,5,2,7
62,948.27,27190.0,0.538,5,-1,6
63,949.34,28169.0,0.523,4,-1,5
64,964.72,14866.0,0.593,3,2,5
65,965.85,11313.0,0.413,4,-1,4
66,966.34,9878.0,0.645,4,2,2
67,967.79,14467.0,0.651,5,1,3
68,970.1,26236.0,0.518,5,2,7
69,970.31,11835.0,0.498,4,-1,6
70,971.46,9120.0,0.666,7,-1,5
71,976.9,31391.0,0.728,5,-1,4
72,978.72,11268.0,0.395,3,2,6
73,980.64,10318.0,0.598,4,2,5
74,982.79,17371.0,0.551,3,2,6
75,987.4,27763.0,0.72,5,-1,4
76,988.98,31624.0,0.589,4,1,5
77,989.19,11146.0,0.653,4,2,4
78,990.35,18143.0,0.456,4,-1,4
79,1004.19,9380.0,0.428,4,1,5
80,1008.72,13493.0,0.631,5,-1,5
81,1015.63,25635.0,0.53,4,1,5
82,1016.18,12230.0,0.614,5,1,4
83,1016.84,12186.0,0.658,4,2,3
84,1022.03,11403.0,0.583,6,2,1
85,1022.09,24008.0,0.615,5,-1,5
86,1025.27,16837.0,0.561,4,-1,4
87,1031.8,9842.0,0.462,5,2,5
88,1032.06,27466.0,0.542,4,2,5
89,1032.55,35062.0,0.816,5,2,6
90,1032.63,24814.0,0.612,4,2,5
91,1036.0,16051.0,0.58,4,2,3
92,1036.26,18073.0,0.564,4,2,4
93,1037.39,31047.0,0.752,4,-1,5
94,1038.12,33508.0,0.722,4,2,6
95,1052.35,12479.0,0.654,5,-1,4
96,1052.82,12124.0,0.629,4,2,3
97,1055.06,15145.0,0.555,5,2,5
98,1055.44,21564.0,0.503,3,2,7
99,1055.74,15939.0,0.516,5,-1,4
100,1055.85,13512.0,0.395,6,2,5
101,1063.78,23091.0,0.6,4,-1,5
102,1067.45,13802.0,0.595,4,2,4
103,1069.31,11246.0,0.395,4,-1,5
104,1074.39,13235.0,0.531,4,1,5
105,1077.27,8752.0,0.469,2,2,2
106,1077.97,11788.0,0.596,5,-1,4
107,1081.64,11628.0,0.351,4,1,5
108,1083.07,20006.0,0.515,4,-1,6
109,1084.48,25718.0,0.685,4,2,6
110,1090.94,18027.0,0.403,5,-1,5
111,1091.31,28689.0,0.702,5,-1,5
112,1092.16,9458.0,0.648,5,-1,4
113,1092.71,8614.0,0.466,5,2,6
114,1094.98,20781.0,0.531,5,-1,5
115,1097.56,12816.0,0.801,4,2,2
116,1098.88,23520.0,0.514,4,2,6
117,1106.47,12546.0,0.433,4,2,5
118,1107.26,11892.0,0.689,4,-1,2
119,1107.73,31247.0,0.588,4,-1,5
120,1110.44,8740.0,0.492,6,2,2
121,1111.7,8626.0,0.701,5,-1,2
122,1112.68,33537.0,0.924,4,-1,5
123,1113.45,24320.0,0.633,5,2,5
124,1116.91,12023.0,0.455,4,-1,4
125,1117.04,16739.0,0.384,2,1,6
126,1123.03,13373.0,0.547,4,2,3
127,1126.36,17090.0,0.471,4,1,3
128,1127.98,14811.0,0.57,4,1,3
129,1132.8,10079.0,0.408,4,-1,3
130,1132.97,8901.0,0.767,6,2,4
131,1133.74,13749.0,0.287,6,1,8
132,1134.85,11350.0,0.536,5,-1,5
133,1137.5,29795.0,0.75,5,2,5
134,1138.22,12751.0,0.605,5,2,4
135,1138.54,32612.0,0.905,4,2,5
136,1139.57,22441.0,0.443,6,-1,7
137,1141.53,22213.0,0.617,4,2,5
138,1142.81,29044.0,0.547,5,2,4
139,1148.61,15094.0,0.554,3,2,4
140,1154.74,11588.0,0.473,4,1,6
141,1160.11,33396.0,0.925,5,-1,5
142,1163.21,20385.0,0.374,4,1,6
143,1163.85,35516.0,0.849,4,-1,5
144,1166.77,14430.0,0.552,4,2,4
145,1169.37,20005.0,0.444,4,1,6
146,1170.03,16835.0,0.481,7,-1,6
147,1172.36,7796.0,0.488,5,1,4
148,1173.72,13515.0,0.443,7,1,6
149,1174.88,24948.0,0.61,4,-1,4
150,1176.11,10515.0,0.651,4,1,5
151,1177.29,17283.0,0.423,4,1,5
152,1177.37,13721.0,0.569,3,2,4
153,1180.91,20495.0,0.484,5,-1,6
154,1183.05,28622.0,0.545,4,2,4
155,1183.2,16714.0,0.579,4,-1,5
156,1184.88,19595.0,0.417,4,2,5
157,1185.54,15130.0,0.564,5,-1,3
158,1185.61,10092.0,0.548,5,2,4
159,1190.73,21636.0,0.49,5,2,5
160,1191.26,9198.0,0.524,7,2,4
161,1193.63,29775.0,0.711,4,2,6
162,1196.55,10416.0,0.76,5,-1,2
163,1199.35,11946.0,0.577,4,1,3
164,1204.53,36879.0,0.87,3,-1,5
165,1204.87,10289.0,0.564,5,2,3
166,1207.82,21968.0,0.713,4,-1,5
167,1213.26,29912.0,0.596,4,-1,4
168,1214.69,19846.0,0.367,4,1,7
169,1215.07,20567.0,0.442,5,-1,6
170,1215.97,25827.0,0.653,4,2,6
171,1221.67,29914.0,0.713,4,-1,4
172,1222.71,24445.0,0.568,5,2,5
173,1223.8,10692.0,0.465,5,1,5
174,1227.3,11299.0,0.836,4,2,4
175,1227.38,31581.0,0.701,4,-1,5
176,1228.54,34727.0,0.818,5,-1,5
177,1229.01,14553.0,0.633,4,-1,2
178,1232.36,33657.0,0.814,5,2,6
179,1243.41,31525.0,0.629,4,-1,5
180,1244.37,23414.0,0.44,4,1,6
181,1247.42,33639.0,0.747,4,2,5
182,1253.39,10883.0,0.632,6,-1,3
183,1255.65,21126.0,0.441,4,1,4
184,1256.87,33896.0,0.922,3,2,5
185,1257.7,25028.0,0.535,4,2,6
186,1257.77,12915.0,0.383,3,2,5
187,1258.28,28026.0,0.587,4,-1,6
188,1265.23,10058.0,0.834,5,2,4
189,1267.86,9718.0,0.665,5,-1,4
190,1271.06,13467.0,0.441,6,-1,5
191,1275.39,8956.0,0.648,4,2,3
192,1276.12,34748.0,0.846,3,-1,5
193,1276.78,14241.0,0.556,5,1,3
194,1277.48,10107.0,0.562,6,2,6
195,1277.57,14418.0,0.471,4,1,5
196,1279.68,10042.0,0.527,4,2,5
197,1280.7,29165.0,0.687,4,-1,5
198,1288.11,23907.0,0.485,4,1,5
199,1288.96,27890.0,0.534,4,-1,5
200,1289.69,21883.0,0.438,4,1,6
201,1292.59,16534.0,0.453,4,1,3
202,1292.82,14881.0,0.494,4,1,5
203,1294.66,16593.0,0.656,4,2,4
204,1294.74,11240.0,0.702,4,2,4
205,1298.62,30647.0,0.626,4,-1,5
206,1300.37,29294.0,0.712,5,2,5
207,1301.21,11095.0,0.612,5,2,4
208,1301.57,29138.0,0.564,4,2,4
209,1303.45,24329.0,0.651,4,-1,6
210,1304.98,34578.0,0.865,3,2,6
211,1305.09,14333.0,0.558,3,1,4
212,1305.81,13284.0,0.532,4,2,5
213,1306.09,30333.0,0.819,3,2,5
214,1306.24,19716.0,0.626,4,2,4
215,1307.93,10808.0,0.314,2,1,6
216,1308.61,9279.0,0.601,4,2,3
217,1312.58,15766.0,0.496,4,-1,4
218,1312.66,26547.0,0.676,5,2,6
219,1313.13,26964.0,0.663,4,1,4
220,1325.1,24732.0,0.647,3,2,6
221,1325.49,11391.0,0.638,4,2,4
222,1326.13,14444.0,0.468,4,2,7
223,1332.57,34802.0,0.772,4,1,4
224,1332.68,19937.0,0.602,4,2,4
225,1332.78,10137.0,0.507,5,2,3
226,1333.61,11393.0,0.574,4,2,3
227,1336.47,9112.0,0.581,4,-1,4
228,1339.46,19606.0,0.669,4,2,5
229,1343.62,16282.0,0.549,4,2,5
230,1345.44,10358.0,0.465,4,-1,5
231,1348.0,13700.0,0.512,4,1,4
232,1348.49,10379.0,0.634,4,2,5
233,1348.79,17760.0,0.545,7,-1,5
234,1350.3,12278.0,0.524,5,-1,5
235,1360.07,11906.0,0.56,4,-1,5
236,1360.41,26927.0,0.648,3,2,6
237,1361.63,28184.0,0.568,4,2,4
238,1363.0,30339.0,0.581,5,-1,6
239,1367.09,21320.0,0.507,6,-1,5
240,1370.76,13552.0,0.449,5,1,5
241,1372.38,34434.0,0.865,5,-1,5
242,1373.86,31870.0,0.713,4,2,5
243,1374.26,14114.0,0.51,7,-1,5
244,1380.4,29946.0,0.635,4,2,5
245,1381.6,26428.0,0.736,3,2,6
246,1383.9,9932.0,0.597,4,1,3
247,1388.94,33328.0,0.74,4,-1,5
248,1390.99,9103.0,0.712,4,2,3
249,1393.51,32102.0,0.71,4,-1,5
250,1394.15,10155.0,0.795,4,2,2
251,1396.71,12052.0,0.627,4,2,3
252,1401.4,33121.0,0.916,4,-1,5
253,1405.77,13581.0,0.588,5,2,6
254,1410.47,8262.0,0.619,4,2,4
255,1417.81,15381.0,0.352,5,1,1
256,1421.88,11211.0,0.533,4,2,3
257,1425.98,11536.0,0.61,5,-1,4
258,1430.12,16311.0,0.505,4,-1,4
259,1438.14,17129.0,0.485,5,-1,5
260,1442.79,19015.0,0.511,5,-1,6
261,1443.18,12721.0,0.441,5,2,5
262,1445.84,25780.0,0.609,4,2,5
263,1454.97,31765.0,0.744,4,-1,5
264,1459.05,11791.0,0.577,4,1,4
265,1459.16,20550.0,0.539,3,2,5
266,1462.06,26323.0,0.539,3,2,5
267,1462.31,35793.0,0.846,5,2,6
268,1462.33,18419.0,0.709,4,-1,4
269,1466.67,10342.0,0.58,4,2,4
270,1466.71,13379.0,0.525,4,-1,5
271,1481.49,35743.0,0.882,3,2,6
272,1486.66,10026.0,0.416,3,1,5
273,1486.96,12739.0,0.428,3,-1,4
274,1495.96,30634.0,0.589,4,2,5
275,1496.47,32628.0,0.879,5,2,5
276,1499.78,19728.0,0.461,6,-1,5
277,1503.43,26723.0,0.634,4,2,5
278,1506.56,35026.0,0.822,3,-1,6
279,1506.88,20655.0,0.414,4,1,5
280,1509.04,25393.0,0.461,4,-1,5
281,1509.68,31895.0,0.774,4,-1,5
282,1511.13,8408.0,0.65,5,2,6
283,1513.09,14195.0,0.553,5,-1,4
284,1513.24,14568.0,0.452,4,2,5
285,1521.09,16234.0,0.634,5,-1,6
286,1523.38,15306.0,0.466,5,-1,5
287,1524.85,8194.0,0.499,7,1,3
288,1526.15,8701.0,0.575,4,-1,5
289,1526.85,26625.0,0.598,4,-1,4
290,1528.39,15484.0,0.502,4,2,4
291,1528.77,25432.0,0.628,4,2,5
292,1529.35,19832.0,0.483,3,1,6
293,1529.56,22528.0,0.435,4,1,6
294,1533.21,10696.0,0.761,4,2,3
295,1537.91,12808.0,0.451,5,-1,6
296,1538.55,8688.0,0.466,4,1,3
297,1541.73,24347.0,0.634,4,2,5
298,1543.2,17337.0,0.482,4,2,5
299,1544.33,8315.0,0.556,4,2,2
300,1549.32,11362.0,0.496,4,-1,5
301,1550.56,10862.0,0.474,4,2,5
302,1552.33,32094.0,0.665,4,1,4
303,1553.86,9388.0,0.372,5,1,5
304,1560.48,27064.0,0.724,4,-1,5
305,1561.5,8144.0,0.373,4,1,3
306,1563.74,32276.0,0.967,5,-1,6
307,1564.15,12426.0,0.771,3,2,2
308,1566.3,11955.0,0.703,5,-1,6
309,1569.8,34568.0,0.932,3,-1,6
310,1570.74,16013.0,0.565,3,2,5
311,1571.36,28318.0,0.577,4,-1,6
312,1572.11,23887.0,0.461,4,1,4
313,1575.56,19190.0,0.618,4,2,5
314,1578.36,13180.0,0.57,5,2,5
315,1581.52,28622.0,0.489,4,-1,5
316,1584.31,15783.0,0.551,4,1,2
317,1588.64,20982.0,0.467,5,-1,6
318,1591.18,9345.0,0.577,4,1,2
319,1591.99,8817.0,0.704,4,-1,2
320,1593.59,11677.0,0.481,4,-1,6
321,1594.11,22075.0,0.431,4,-1,5
322,1597.67,29124.0,0.643,4,2,5
323,1599.78,22717.0,0.475,4,-1,4
324,1603.11,33729.0,0.882,6,-1,6
325,1603.17,19460.0,0.521,4,2,5
326,1607.18,13728.0,0.435,3,2,4
327,1607.61,14570.0,0.495,5,2,5
328,1609.32,13424.0,0.438,4,-1,5
329,1611.11,10316.0,0.614,4,2,3
330,1611.56,21893.0,0.468,4,1,5
331,1613.16,33604.0,0.732,4,-1,5
332,1613.5,13922.0,0.575,4,2,4
333,1614.82,12793.0,0.539,5,1,1
334,1617.26,15124.0,0.627,4,2,6
335,1618.96,25875.0,0.586,5,2,5
336,1620.65,33794.0,0.832,3,2,6
337,1620.78,16682.0,0.54,6,-1,3
338,1621.44,9359.0,0.529,3,2,4
339,1627.58,8578.0,0.626,6,2,5
340,1629.1,35367.0,0.846,5,2,6
341,1632.73,10543.0,0.308,6,1,5
342,1633.49,10649.0,0.739,4,2,4
343,1635.01,9849.0,0.46,7,1,7
344,1635.86,14733.0,0.517,3,-1,5
345,1636.69,22799.0,0.502,4,2,5
346,1637.12,10069.0,0.388,4,-1,5
347,1637.21,9031.0,0.51,4,2,4
348,1640.36,34097.0,0.721,4,1,6
349,1641.84,34789.0,0.821,5,-1,5
350,1645.89,11226.0,0.548,4,2,3
351,1654.51,23185.0,0.591,4,-1,5
352,1654.77,13277.0,0.461,3,2,6
353,1658.31,32186.0,0.706,5,-1,5
354,1659.44,14899.0,0.622,4,1,4
355,1660.08,8811.0,0.523,5,2,5
356,1660.31,31060.0,0.619,4,-1,5
357,1665.28,26579.0,0.633,4,2,5
358,1667.31,34304.0,0.887,4,-1,5
359,1668.23,33187.0,0.907,6,-1,6
360,1673.44,24874.0,0.549,4,2,4
361,1675.83,34092.0,0.835,4,-1,5
362,1676.94,11911.0,0.383,4,-1,7
363,1677.79,9471.0,0.748,5,-1,4
364,1679.88,29171.0,0.836,5,2,6
365,1680.73,16341.0,0.471,4,1,7
366,1686.52,11096.0,0.754,4,2,4
367,1690.08,34693.0,0.838,4,-1,5
368,1693.28,11031.0,0.431,4,1,5
369,1693.56,32604.0,0.812,3,2,6
370,1694.6,13647.0,0.461,4,2,6
371,1696.54,12153.0,0.612,4,1,2
372,1699.17,16607.0,0.554,4,-1,5
373,1699.4,34609.0,0.779,4,2,5
374,1702.6,36168.0,0.869,3,-1,5
375,1702.97,17245.0,0.461,5,1,5
376,1704.4,16553.0,0.555,4,2,4
377,1704.7,22989.0,0.568,4,2,5
378,1710.07,12386.0,0.665,4,2,3
379,1712.25,8391.0,0.59,4,1,5
380,1717.8,27047.0,0.486,4,1,5
381,1717.95,15095.0,0.469,4,-1,6
382,1718.95,33315.0,0.796,5,-1,5
383,1721.28,11879.0,0.539,3,2,4
384,1723.77,13891.0,0.577,4,-1,5
385,1724.9,19748.0,0.454,4,-1,4
386,1725.56,8355.0,0.528,5,-1,4
387,1726.31,20123.0,0.433,4,2,7
388,1730.02,15517.0,0.434,6,2,7
389,1732.54,10653.0,0.714,3,2,4
390,1738.09,19302.0,0.629,4,2,4
391,1744.17,8208.0,0.543,3,1,5
392,1747.52,21483.0,0.533,4,2,5
393,1750.46,28595.0,0.701,5,-1,5
394,1751.53,22726.0,0.478,5,-1,4
395,1751.89,12059.0,0.593,4,2,2
396,1754.69,11736.0,0.463,4,1,4
397,1758.15,25135.0,0.696,5,-1,5
398,1761.52,28021.0,0.48,4,1,6
399,1761.79,24254.0,0.444,5,1,5
400,1765.0,15648.0,0.606,5,-1,3
401,1765.59,10467.0,0.562,4,2,4
402,1768.86,10847.0,0.623,4,1,2
403,1770.05,18438.0,0.579,4,-1,5
404,1771.42,29720.0,0.578,3,2,6
405,1772.89,27389.0,0.652,4,2,6
406,1777.97,11954.0,0.541,5,2,4
407,1779.76,16560.0,0.508,4,1,4
408,1782.92,25027.0,0.488,4,1,5
409,1783.37,30440.0,0.785,3,2,6
410,1783.73,8732.0,0.482,10,-1,1
411,1784.41,9494.0,0.522,4,1,4
412,1784.48,34415.0,0.814,4,2,5
413,1786.76,34469.0,0.78,3,2,5
414,1788.02,12395.0,0.561,5,2,4
415,1789.0,8504.0,0.556,5,1,4
416,1789.06,28693.0,0.495,4,2,5
417,1793.63,25025.0,0.56,5,2,5
418,1794.21,11135.0,0.584,5,-1,5
419,1794.4,19911.0,0.408,4,2,5
420,1794.97,23785.0,0.497,4,-1,5
421,1796.85,11170.0,0.552,4,-1,4
422,1797.11,23521.0,0.591,4,2,6
423,1797.39,15332.0,0.523,5,-1,4
424,1797.56,31222.0,0.618,5,-1,5
425,1800.65,25078.0,0.606,4,2,5
426,1802.51,10198.0,0.518,4,-1,7
427,1802.53,31287.0,0.811,3,2,6
428,1803.7,22169.0,0.466,4,1,5
429,1803.79,16230.0,0.549,3,2,6
430,1804.77,9841.0,0.478,5,2,4
431,1807.12,9358.0,0.503,4,1,3
432,1809.31,15073.0,0.475,4,1,4
433,1809.61,16125.0,0.457,4,2,6
434,1811.02,19638.0,0.372,6,2,6
435,1811.06,33434.0,0.896,4,2,5
436,1820.13,8902.0,0.664,7,-1,5
437,1828.58,11017.0,0.559,5,2,4
438,1831.76,30519.0,0.735,4,-1,5
439,1833.27,36610.0,0.833,3,2,6
440,1834.64,29691.0,0.516,4,1,4
441,1836.26,17984.0,0.566,4,-1,5
442,1836.92,30050.0,0.556,4,1,5
443,1840.36,12311.0,0.539,4,2,4
444,1841.64,10293.0,0.521,4,2,4
445,1842.77,9446.0,0.618,4,-1,3
446,1843.52,22167.0,0.607,5,-1,5
447,1843.62,14097.0,0.573,4,-1,4
448,1843.82,28169.0,0.699,4,2,5
449,1846.72,29371.0,0.632,3,2,4
450,1850.83,18698.0,0.543,4,-1,6
451,1854.23,11108.0,0.468,4,2,7
452,1854.36,23267.0,0.503,5,-1,6
453,1859.99,24060.0,0.569,4,2,5
454,1861.14,22630.0,0.428,4,2,5
455,1862.29,31813.0,0.698,4,-1,5
456,1863.91,34029.0,0.793,4,2,5
457,1867.65,16333.0,0.537,4,2,3
458,1868.52,10133.0,0.481,3,-1,4
459,1868.76,19785.0,0.561,5,-1,5
460,1870.25,34218.0,0.839,4,2,5
461,1871.13,10257.0,0.63,6,2,2
462,1875.52,13547.0,0.58,5,2,5
463,1875.8,11592.0,0.546,4,2,6
464,1878.66,20334.0,0.584,4,1,5
465,1883.16,21629.0,0.539,4,-1,5
466,1883.35,10588.0,0.419,5,2,6
467,1888.43,19328.0,0.494,4,1,4
468,1890.76,31395.0,0.93,4,2,5
469,1893.13,24412.0,0.563,4,2,5
470,1894.7,26446.0,0.566,5,-1,5
471,1898.99,12930.0,0.619,3,2,4
472,1901.04,21694.0,0.56,4,2,4
473,1902.22,12832.0,0.42,4,-1,5
474,1907.32,16672.0,0.436,4,1,5
475,1907.57,34294.0,0.905,3,-1,6
476,1909.38,30210.0,0.721,4,2,5
477,1910.62,15176.0,0.49,6,2,5
478,1911.11,12303.0,0.647,4,-1,2
479,1911.28,20941.0,0.553,4,2,5
480,1913.25,15510.0,0.527,4,-1,6
481,1914.44,11902.0,0.652,4,-1,3
482,1920.05,22239.0,0.473,6,-1,5
483,1921.55,34605.0,0.79,3,2,5
484,1932.3,33613.0,0.863,4,-1,5
485,1933.58,15978.0,0.473,4,1,4
486,1935.37,32188.0,0.799,5,2,5
487,1935.44,26418.0,0.587,4,-1,5
488,1941.05,16240.0,0.552,5,2,4
489,1946.15,13910.0,0.576,4,2,3
490,1954.51,13243.0,0.581,4,2,5
491,1954.66,7765.0,0.465,6,2,3
492,1955.86,17998.0,0.684,4,-1,3
493,1960.23,30963.0,0.675,4,-1,5
494,1967.08,18243.0,0.417,3,2,7
495,1967.62,14893.0,0.355,6,2,6
496,1970.07,14055.0,0.521,4,1,5
497,1970.73,26080.0,0.567,4,2,4
498,1973.16,25799.0,0.468,4,1,5
499,1974.12,14247.0,0.483,5,-1,4
500,1976.09,12279.0,0.392,6,-1,5
501,1977.77,24886.0,0.589,4,2,3
502,1985.2,34912.0,0.868,3,2,6
503,1990.02,19122.0,0.529,5,-1,5
504,1990.92,17628.0,0.471,5,2,6
505,1999.62,14421.0,0.62,3,2,5
506,2001.14,13064.0,0.323,4,1,7
507,2001.18,34657.0,0.959,3,-1,6
508,2002.25,17096.0,0.43,4,2,7
509,2004.87,27481.0,0.616,4,2,5
510,2007.33,20429.0,0.657,4,-1,5
511,2010.89,24397.0,0.585,5,-1,5
512,2012.72,34133.0,0.871,4,2,5
513,2015.77,9063.0,0.505,6,-1,5
514,2020.17,29665.0,0.765,5,-1,5
515,2022.24,14777.0,0.624,6,-1,4
516,2025.08,12836.0,0.478,6,1,4
517,2029.07,10740.0,0.387,7,2,7
518,2034.45,35049.0,0.849,3,-1,5
519,2038.2,9648.0,0.592,5,-1,4
520,2040.53,21281.0,0.61,3,2,5
521,2041.47,12079.0,0.472,5,2,6
522,2041.72,27280.0,0.633,6,2,6
523,2045.29,11107.0,0.841,4,2,2
524,2047.14,29081.0,0.536,4,2,5
525,2049.98,11823.0,0.586,3,2,4
526,2050.98,20617.0,0.502,4,1,3
527,2053.2,25839.0,0.646,5,2,6
528,2053.27,12281.0,0.535,4,2,4
529,2056.3,34258.0,0.814,4,-1,5
530,2056.55,12314.0,0.609,5,1,4
531,2057.38,14715.0,0.427,4,-1,6
532,2058.62,36324.0,0.873,3,-1,6
533,2060.05,13812.0,0.379,4,2,5
534,2062.01,8486.0,0.521,6,2,2
535,2063.93,18660.0,0.41,4,2,6
536,2066.2,23640.0,0.89,5,-1,5
537,2069.08,28720.0,0.682,4,2,4
538,2072.79,16419.0,0.541,4,2,5
539,2078.08,14254.0,0.512,3,2,6
540,2080.6,14674.0,0.685,4,2,5
541,2082.5,15638.0,0.573,4,-1,5
542,2084.48,9296.0,0.539,5,-1,4
543,2094.09,11519.0,0.524,6,1,4
544,2094.23,15193.0,0.638,5,-1,4
545,2096.28,16016.0,0.567,5,-1,5
546,2096.33,9843.0,0.654,4,2,4
547,2102.0,19336.0,0.491,4,1,5
548,2115.44,30805.0,0.765,4,-1,5
549,2115.98,18042.0,0.617,4,2,2
550,2116.21,34549.0,0.789,5,2,5
551,2116.83,36180.0,0.821,5,2,6
552,2117.26,13558.0,0.429,4,2,5
553,2118.69,22372.0,0.569,4,2,4
554,2121.31,11512.0,0.546,7,-1,5
555,2125.84,16656.0,0.454,4,-1,4
556,2131.11,7531.0,0.473,5,3,4
557,2131.55,30066.0,0.615,4,-1,5
558,2132.49,31858.0,0.909,5,-1,5
559,2136.72,25344.0,0.491,5,1,5
560,2137.25,19398.0,0.457,5,-1,6
561,2139.32,17355.0,0.499,4,2,4
562,2145.94,20771.0,0.505,4,2,6
563,2147.81,31833.0,1.021,3,-1,6
564,2148.41,9756.0,0.681,4,2,3
565,2153.51,10988.0,0.478,3,2,7
566,2156.63,19835.0,0.416,4,-1,7
567,2156.67,20939.0,0.52,4,-1,5
568,2157.03,20077.0,0.577,5,2,5
569,2157.67,8879.0,0.395,4,1,3
570,2160.98,11916.0,0.41,4,1,6
571,2162.47,31862.0,0.875,4,2,5
572,2162.98,34451.0,0.751,4,2,5
573,2166.48,8439.0,0.36,7,-1,2
574,2167.91,27009.0,0.702,4,1,4
575,2172.07,30218.0,0.678,4,2,6
576,2172.56,25141.0,0.571,5,-1,4
577,2173.97,8535.0,0.339,4,1,6
578,2175.53,25972.0,0.507,4,-1,5
579,2175.77,11438.0,0.462,6,-1,4
580,2177.43,27517.0,0.618,4,2,5
581,2178.75,10340.0,0.528,5,2,4
582,2180.82,24731.0,0.521,4,-1,5
583,2182.85,14584.0,0.56,4,-1,3
584,2183.49,11686.0,0.641,5,-1,5
585,2187.03,12574.0,0.532,4,2,6
586,2187.1,15904.0,0.511,5,2,4
587,2187.93,14242.0,0.533,4,-1,4
588,2188.91,12674.0,0.539,5,-1,4
589,2191.28,19974.0,0.504,4,1,5
590,2191.53,9461.0,0.688,4,-1,3
591,2193.14,16295.0,0.72,5,-1,3
592,2193.46,8434.0,0.494,3,2,5
593,2199.05,7434.0,0.408,4,2,7
594,2200.45,16736.0,0.4,6,2,6
595,2202.33,12398.0,0.535,4,-1,5
596,2202.4,23597.0,0.622,5,2,5
597,2205.34,9816.0,0.641,4,-1,2
598,2205.36,11794.0,0.692,4,2,3
599,2209.78,32290.0,0.722,5,2,6
600,2210.1,17032.0,0.499,4,-1,5
601,2210.93,28701.0,0.576,3,2,5
602,2212.74,9995.0,0.543,4,2,2
603,2213.15,8764.0,0.618,5,2,5
604,2214.13,9001.0,0.564,4,2,4
605,2214.15,18964.0,0.429,4,1,6
606,2214.96,27297.0,0.811,4,-1,6
607,2215.01,29622.0,0.515,4,1,5
608,2215.3,12190.0,0.614,4,2,6
609,2220.49,9519.0,0.566,4,-1,5
610,2222.3,20472.0,0.461,4,1,4
611,2223.24,9391.0,0.523,8,-1,3
612,2225.72,16672.0,0.583,5,-1,3
613,2227.23,11484.0,0.625,3,2,3
614,2229.96,20128.0,0.45,5,1,5
615,2234.15,31178.0,0.873,4,2,5
616,2235.94,10579.0,0.484,7,-1,2
617,2238.97,9183.0,0.43,3,1,6
618,2239.31,15536.0,0.538,4,2,5
619,2240.27,9636.0,0.515,5,-1,3
620,2246.07,23118.0,0.589,4,-1,3
621,2246.74,25737.0,0.544,4,2,4
622,2250.88,32889.0,0.928,5,-1,5
623,2251.75,14988.0,0.465,5,2,5
624,2252.9,25426.0,0.516,4,1,4
625,2255.08,9163.0,0.42,4,2,5
626,2262.89,13948.0,0.451,4,-1,6
627,2266.05,30554.0,0.655,4,2,6
628,2268.88,21825.0,0.534,4,2,5
629,2270.12,13701.0,0.496,5,-1,6
630,2273.94,10012.0,0.51,4,2,4
631,2277.29,9234.0,0.519,5,2,6
632,2277.89,10178.0,0.481,4,-1,2
633,2279.43,29809.0,0.498,5,1,5
634,2280.73,27615.0,0.657,5,2,5
635,2280.83,13609.0,0.664,4,2,3
636,2283.35,18265.0,0.553,4,-1,4
637,2285.21,21907.0,0.453,4,-1,6
638,2285.74,9181.0,0.685,4,1,2
639,2288.75,14153.0,0.544,5,-1,4
640,2289.8,33383.0,0.924,5,2,6
641,2291.67,10691.0,0.549,3,2,3
642,2298.59,14472.0,0.56,5,-1,5
643,2299.08,12074.0,0.638,4,2,5
644,2300.53,16821.0,0.667,4,2,4
645,2303.02,28116.0,0.645,4,2,4
646,2303.13,26327.0,0.556,4,1,6
647,2303.96,21958.0,0.582,4,2,4
648,2304.92,11133.0,0.465,3,2,6
649,2308.36,11461.0,0.65,4,2,2
650,2308.85,32662.0,0.871,3,2,5
651,2311.26,32118.0,0.9,3,2,5
652,2311.96,32114.0,0.81,3,2,5
653,2313.89,9147.0,0.715,5,2,4
654,2314.4,21013.0,0.466,4,2,6
655,2318.84,14702.0,0.514,7,-1,5
656,2319.56,25932.0,0.526,5,-1,5
657,2320.5,20868.0,0.538,3,2,5
658,2323.36,13360.0,0.476,5,-1,4
659,2324.87,12678.0,0.459,4,-1,4
660,2330.21,29391.0,0.618,4,2,6
661,2330.74,27018.0,0.53,5,-1,5
662,2335.65,13536.0,0.419,3,1,2
663,2339.58,13933.0,0.682,4,2,4
664,2339.92,15626.0,0.519,5,1,5
665,2345.57,16691.0,0.518,4,-1,4
666,2351.65,31528.0,0.634,4,-1,4
667,2352.72,33180.0,0.702,4,2,4
668,2352.85,12801.0,0.504,3,2,5
669,2353.83,27416.0,0.735,4,2,5
670,2355.56,13908.0,0.477,6,2,7
671,2356.92,31343.0,0.708,3,2,5
672,2357.58,10029.0,0.652,3,2,4
673,2357.65,15424.0,0.635,4,2,3
674,2358.52,35083.0,0.894,3,-1,6
675,2358.59,29430.0,0.613,4,1,5
676,2361.15,23756.0,0.652,4,-1,6
677,2361.25,14131.0,0.515,4,-1,5
678,2361.64,18440.0,0.88,5,-1,5
679,2362.45,21584.0,0.512,5,-1,5
680,2362.62,25551.0,0.557,4,-1,5
681,2362.64,10343.0,0.47,5,2,5
682,2364.11,11197.0,0.391,5,-1,3
683,2364.2,28090.0,0.602,4,1,4
684,2364.75,26351.0,0.582,4,-1,5
685,2365.37,11854.0,0.432,4,-1,2
686,2367.72,18317.0,0.541,4,2,5
687,2368.1,29318.0,0.602,4,2,5
688,2368.57,10853.0,0.322,2,1,1
689,2369.26,16731.0,0.546,4,2,6
690,2372.86,20028.0,0.461,4,1,5
691,2374.1,29538.0,0.749,4,2,5
692,2376.17,10569.0,0.524,4,-1,5
693,2376.28,13736.0,0.595,4,2,4
694,2376.66,22190.0,0.457,4,-1,5
695,2379.99,16704.0,0.573,5,2,3
696,2380.71,12823.0,0.558,4,2,5
697,2384.13,26831.0,0.619,5,-1,5
698,2388.31,32276.0,0.778,3,2,5
699,2388.91,25177.0,0.568,4,2,4
700,2393.88,22425.0,0.441,4,-1,6
701,2394.84,16130.0,0.591,6,2,3
702,2397.63,25146.0,0.682,4,-1,5
703,2398.17,7970.0,0.574,7,2,2
704,2398.72,18059.0,0.463,4,2,5
705,2400.34,21990.0,0.409,5,2,6
706,2407.22,32835.0,0.759,3,2,5
707,2408.52,15249.0,0.424,5,2,7
708,2408.92,11689.0,0.422,4,2,6
709,2416.73,28581.0,0.627,4,2,5
710,2417.44,11306.0,0.477,6,2,5
711,2417.89,26801.0,0.533,4,2,4
712,2420.57,33203.0,0.703,4,-1,5
713,2421.92,14425.0,0.555,4,-1,4
714,2425.48,10208.0,0.555,5,-1,6
715,2425.82,22741.0,0.482,5,-1,4
716,2426.61,10460.0,0.609,5,2,5
717,2426.91,15560.0,0.681,4,1,2
718,2427.89,18268.0,0.449,5,1,4
719,2436.17,10367.0,0.515,3,2,2
720,2440.82,9531.0,0.452,5,1,5
721,2442.66,15071.0,0.511,5,-1,5
722,2445.73,32182.0,0.673,3,2,5
723,2446.35,10437.0,0.475,4,2,6
724,2446.52,12584.0,0.539,3,1,2
725,2449.98,10072.0,0.711,4,2,5
726,2454.8,26522.0,0.59,4,2,6
727,2455.08,14910.0,0.543,4,-1,3
728,2455.95,7853.0,0.478,4,-1,3
729,2458.06,12874.0,0.595,6,1,4
730,2459.92,30710.0,0.624,4,-1,5
731,2461.67,26223.0,0.549,4,-1,5
732,2463.76,35605.0,0.823,4,1,5
733,2467.2,26558.0,0.506,6,-1,5
734,2470.27,13622.0,0.392,4,2,6
735,2470.7,35173.0,0.846,4,2,6
736,2471.31,8461.0,0.574,5,-1,5
737,2472.23,13017.0,0.578,5,-1,1
738,2473.36,12315.0,0.565,4,1,3
739,2473.77,33207.0,0.922,4,-1,6
740,2475.31,18122.0,0.468,4,1,4
741,2476.95,22570.0,0.448,4,1,5
742,2477.25,7971.0,0.52,3,2,5
743,2479.23,26499.0,0.719,5,-1,5
744,2479.32,10680.0,0.449,5,2,5
745,2486.66,12051.0,0.486,5,2,5
746,2487.55,34204.0,0.799,4,2,6
747,2488.58,12109.0,0.555,5,-1,3
748,2492.12,22541.0,0.538,4,-1,5
749,2492.48,31886.0,0.711,4,-1,6
750,2496.73,31200.0,0.687,4,2,4
751,2497.16,27119.0,0.523,4,-1,5
752,2499.48,33684.0,0.783,5,2,6
753,2501.38,22242.0,0.515,5,-1,5
754,2501.91,12523.0,0.533,3,2,2
755,2502.15,20750.0,0.561,5,2,6
756,2508.0,8369.0,0.567,3,2,5
757,2508.19,13688.0,0.411,4,1,5
758,2510.7,10835.0,0.616,5,-1,6
759,2510.96,21851.0,0.514,3,2,5
760,2512.48,13299.0,0.414,5,2,5
761,2519.62,7498.0,0.483,5,2,3
762,2521.91,7382.0,0.443,4,-1,2
763,2525.34,15090.0,0.676,4,2,5
764,2528.54,34730.0,0.87,3,2,6
765,2528.73,13145.0,0.638,5,-1,4
766,2532.47,9817.0,0.612,4,-1,2
767,2533.73,19026.0,0.461,5,-1,5
768,2536.57,10121.0,0.564,5,2,5
769,2536.78,14841.0,0.478,6,-1,5
770,2537.19,33128.0,0.883,4,2,6
771,2537.65,20520.0,0.568,3,2,5
772,2541.47,12129.0,0.598,4,2,4
773,2543.44,36802.0,0.873,3,-1,7
774,2544.78,34877.0,0.801,4,-1,5
775,2550.07,28355.0,0.566,4,1,5
776,2551.05,22874.0,0.564,4,1,3
777,2553.49,26923.0,0.648,4,2,6
778,2553.96,22447.0,0.434,4,1,7
779,2554.36,8765.0,0.443,4,1,4
780,2557.07,35431.0,0.848,3,-1,6
781,2559.4,9399.0,0.683,4,-1,2
782,2565.44,36463.0,0.932,3,-1,6
783,2565.78,10871.0,0.451,4,2,5
784,2569.15,32833.0,0.931,4,2,6
785,2573.61,13922.0,0.458,4,2,5
786,2577.94,33496.0,0.794,4,2,4
787,2578.51,14188.0,0.485,5,-1,5
788,2579.28,30329.0,0.776,4,2,6
789,2579.56,8568.0,0.572,6,-1,7
790,2580.07,12349.0,0.478,4,-1,5
791,2581.29,9469.0,0.436,3,2,6
792,2585.09,11221.0,0.699,4,-1,2
793,2586.07,32778.0,0.946,4,-1,6
794,2588.18,29731.0,0.608,4,2,6
795,2590.91,14533.0,0.514,5,-1,4
796,2591.0,20687.0,0.52,4,2,5
797,2593.75,13372.0,0.568,3,2,3
798,2597.8,34692.0,0.899,3,-1,5
799,2598.79,12375.0,0.539,4,1,2
800,2599.45,23433.0,0.554,4,2,5
801,2600.17,25326.0,0.58,4,2,4
802,2602.14,7722.0,0.455,4,-1,5
803,2604.61,9472.0,0.503,4,1,2
804,2605.25,9845.0,0.498,7,-1,6
805,2607.98,30127.0,0.585,5,-1,5
806,2608.32,9205.0,0.543,5,1,3
807,2608.71,12711.0,0.675,4,-1,3
808,2614.6,11063.0,0.771,4,2,3
809,2626.78,31264.0,0.607,4,-1,4
810,2627.95,11771.0,0.527,5,2,5
811,2628.68,21857.0,0.53,4,-1,5
812,2628.74,13009.0,0.617,3,2,3
813,2631.73,21517.0,0.557,4,2,4
814,2632.8,24874.0,0.545,3,-1,5
815,2633.5,7641.0,0.452,3,1,6
816,2634.31,30192.0,0.791,5,-1,5
817,2635.55,19572.0,0.477,4,-1,5
818,2639.31,36084.0,0.922,3,-1,7
819,2650.36,12921.0,0.541,4,1,4
820,2652.38,13368.0,0.452,4,2,5
821,2653.13,23039.0,0.52,4,-1,5
822,2659.32,16524.0,0.575,4,2,4
823,2665.91,18926.0,0.501,5,-1,4
824,2666.38,18645.0,0.429,4,1,6
825,2668.47,9521.0,0.609,6,2,6
826,2670.31,10244.0,0.621,5,-1,6
827,2672.72,16295.0,0.422,6,2,5
828,2673.61,22367.0,0.527,5,-1,4
829,2676.94,13121.0,0.602,4,2,4
830,2686.89,34238.0,0.874,4,-1,6
831,2691.39,15080.0,0.469,5,-1,4
832,2698.64,23221.0,0.494,4,2,5
833,2698.99,23498.0,0.576,4,2,5
834,2706.35,8930.0,0.621,4,2,3
835,2708.67,13459.0,0.586,5,-1,3
836,2715.22,31440.0,0.681,4,2,3
837,2724.25,25042.0,0.501,5,2,5
838,2724.46,34582.0,0.772,4,-1,6
839,2726.7,15342.0,0.555,3,2,5
840,2727.36,26094.0,0.512,4,-1,5
841,2727.41,20348.0,0.62,4,-1,5
842,2730.14,22470.0,0.624,4,-1,5
843,2731.29,9844.0,0.476,4,2,6
844,2733.81,15481.0,0.405,5,-1,5
845,2739.02,14741.0,0.455,4,-1,5
846,2742.94,8501.0,0.568,4,2,3
847,2743.86,9862.0,0.411,3,2,7
848,2744.07,30024.0,0.55,4,-1,5
849,2744.75,35166.0,0.916,3,-1,6
850,2746.18,20423.0,0.472,6,2,4
851,2751.58,33102.0,0.909,5,-1,5
852,2757.11,34257.0,0.746,4,1,4
853,2757.45,18816.0,0.518,5,-1,4
854,2758.2,13643.0,0.5,4,2,5
855,2762.66,9127.0,0.559,4,-1,3
856,2763.19,22032.0,0.477,5,-1,5
857,2767.27,7966.0,0.55,4,2,3
858,2767.97,11419.0,0.664,5,2,5
859,2769.04,11411.0,0.457,3,1,5
860,2769.55,13698.0,0.47,4,2,4
861,2769.81,24058.0,0.455,4,2,5
862,2772.79,29505.0,0.548,4,-1,5
863,2773.26,16657.0,0.498,4,-1,3
864,2776.04,11373.0,0.638,4,2,3
865,2776.63,26003.0,0.529,4,2,5
866,2782.74,17653.0,0.428,3,2,6
867,2783.48,16888.0,0.405,3,-1,5
868,2783.53,12069.0,0.554,4,-1,5
869,2784.27,28840.0,0.565,4,-1,5
870,2784.91,22499.0,0.615,5,-1,4
871,2786.19,35180.0,0.884,3,-1,6
872,2787.41,27783.0,0.661,4,2,5
873,2787.86,7636.0,0.456,4,2,4
874,2787.9,21021.0,0.522,4,-1,6
875,2791.42,16728.0,0.571,4,2,5
876,2793.17,19760.0,0.517,4,2,5
877,2795.9,21030.0,0.546,4,-1,5
878,2795.97,10897.0,0.619,6,-1,5
879,2800.77,9342.0,0.552,2,2,3
880,2801.75,9035.0,0.495,4,-1,3
881,2802.02,27001.0,0.681,4,2,5
882,2803.65,8799.0,0.556,4,-1,6
883,2805.63,15247.0,0.5,4,-1,5
884,2805.87,34946.0,0.894,3,2,7
885,2806.83,28396.0,0.762,4,-1,5
886,2809.02,22814.0,0.646,4,2,4
887,2810.07,8514.0,0.534,3,2,5
888,2811.11,26910.0,0.698,4,2,5
889,2813.89,34242.0,0.774,4,2,5
890,2814.89,21505.0,0.43,4,2,4
891,2816.28,11843.0,0.454,5,1,5
892,2817.34,19612.0,0.732,4,2,5
893,2817.62,27087.0,0.546,3,2,5
894,2817.86,19729.0,0.541,4,2,4
895,2819.91,31577.0,0.668,4,-1,5
896,2824.34,22385.0,0.486,4,-1,4
897,2825.43,12416.0,0.593,5,-1,4
898,2825.5,32739.0,0.67,4,-1,5
899,2827.07,9867.0,0.568,4,2,6
900,2830.79,36449.0,0.834,3,2,6
901,2831.21,9288.0,0.523,4,2,6
902,2831.66,34137.0,0.773,4,-1,5
903,2832.32,15106.0,0.575,4,1,3
904,2833.07,10208.0,0.477,3,2,5
905,2834.33,12683.0,0.365,4,1,6
906,2840.24,10373.0,0.462,4,2,5
907,2843.14,16209.0,0.601,5,-1,4
908,2843.48,11544.0,0.532,6,2,4
909,2844.72,26609.0,0.591,4,-1,5
910,2845.19,26033.0,0.55,5,1,5
911,2846.0,20399.0,0.522,4,2,6
912,2846.7,15619.0,0.47,4,1,5
913,2847.41,33346.0,0.777,4,-1,5
914,2847.73,32418.0,0.863,4,2,5
915,2853.81,19530.0,0.52,6,-1,5
916,2858.08,18864.0,0.533,5,1,3
917,2858.57,15299.0,0.557,5,-1,4
918,2860.17,21891.0,0.507,3,2,5
919,2861.21,34553.0,0.813,4,2,6
920,2863.11,7144.0,0.288,4,2,7
921,2865.44,32093.0,0.696,4,-1,5
922,2866.36,16432.0,0.544,5,1,3
923,2870.54,25259.0,0.551,4,-1,5
924,2872.59,17012.0,0.479,5,2,4
925,2873.33,23728.0,0.517,3,2,6
926,2874.83,11174.0,0.621,5,1,3
927,2875.7,23331.0,0.644,4,2,4
928,2878.09,24128.0,0.458,5,1,5
929,2883.08,10980.0,0.491,2,2,4
930,2883.87,32805.0,0.917,4,2,6
931,2885.05,24557.0,0.471,4,1,6
932,2885.13,27858.0,0.699,3,2,6
933,2885.62,10349.0,0.488,7,1,4
934,2894.44,25130.0,0.642,4,2,5
935,2896.44,34716.0,0.894,5,-1,6
936,2897.7,15554.0,0.429,5,-1,5
937,2900.84,27423.0,0.662,4,-1,5
938,2906.09,33169.0,0.751,4,-1,5
939,2906.26,35115.0,0.845,3,2,6
940,2907.88,22896.0,0.575,4,2,4
941,2912.3,11236.0,0.362,4,1,3
942,2912.76,22917.0,0.536,4,2,5
943,2914.49,16433.0,0.629,4,2,5
944,2917.97,24505.0,0.586,5,-1,6
945,2922.2,13549.0,0.517,4,-1,4
946,2923.95,21784.0,0.48,5,-1,5
947,2925.23,10494.0,0.59,3,2,7
948,2925.46,9316.0,0.665,5,-1,5
949,2925.89,23127.0,0.628,3,2,5
950,2926.23,11475.0,0.629,4,2,5
951,2926.34,24890.0,0.518,4,2,6
952,2927.72,25202.0,0.514,4,2,6
953,2930.05,10281.0,0.553,4,1,4
954,2930.99,14577.0,0.49,4,2,5
955,2932.33,30061.0,0.665,4,2,5
956,2935.94,32900.0,0.746,4,2,4
957,2943.19,14840.0,0.493,4,-1,5
958,2944.07,24997.0,0.546,4,1,5
959,2946.16,35787.0,0.845,3,-1,5
960,2949.36,12598.0,0.475,4,-1,5
961,2956.81,16214.0,0.425,3,2,5
962,2958.81,23458.0,0.511,4,2,6
963,2962.4,13197.0,0.452,6,2,5
964,2963.23,28626.0,0.538,4,2,5
965,2966.6,13757.0,0.544,4,1,3
966,2968.29,30924.0,0.741,4,2,5
967,2968.82,18914.0,0.569,4,2,6
968,2971.83,24074.0,0.559,5,1,4
969,2973.26,35508.0,0.818,4,1,5
970,2974.45,11717.0,0.623,4,-1,5
971,2979.28,32960.0,0.741,4,-1,5
972,2981.67,33019.0,0.748,5,2,6
973,2982.93,31919.0,0.993,5,-1,6
974,2983.14,23894.0,0.495,4,2,6
975,2983.2,17579.0,0.462,5,1,4
976,2986.28,21015.0,0.453,5,1,6
977,2988.79,33497.0,0.787,4,3,5
978,2989.58,10074.0,0.602,4,2,4
979,2990.12,18788.0,0.441,4,1,6
980,2994.06,25622.0,0.562,4,1,5
981,2997.01,18677.0,0.59,4,2,5
982,2998.31,11284.0,0.419,3,2,6
983,3000.64,8708.0,0.678,3,2,2
984,3004.9,35801.0,0.866,3,-1,5
985,3005.8,10982.0,0.634,4,-1,4
986,3005.84,20145.0,0.405,4,-1,5
987,3009.36,30266.0,0.622,4,-1,5
988,3013.57,25670.0,0.614,4,-1,5
989,3017.26,8948.0,0.734,4,2,4
990,3020.5,19815.0,0.543,4,1,4
991,3027.31,27493.0,0.623,5,-1,5
992,3034.33,30176.0,0.738,3,-1,5
993,3036.46,13093.0,0.534,4,-1,5
994,3040.3,33547.0,0.705,4,1,5
995,3045.74,8397.0,0.425,2,1,1
996,3048.22,23647.0,0.542,4,-1,5
997,3050.54,26598.0,0.668,4,2,5
998,3057.63,9304.0,0.689,5,-1,4
999,3058.82,33565.0,0.879,4,-1,6
1000,3060.87,27072.0,0.613,4,-1,6
1001,3060.96,15418.0,0.644,4,-1,5
1002,3061.3,24425.0,0.49,3,2,5
1003,3061.38,26933.0,0.645,4,-1,5
1004,3061.79,9283.0,0.66,4,1,3
1005,3063.13,8109.0,0.506,4,-1,4
1006,3070.75,9752.0,0.634,6,2,4
1007,3075.29,23439.0,0.482,4,2,6
1008,3075.76,12386.0,0.425,5,2,5
1009,3080.82,20451.0,0.749,5,-1,5
1010,3082.55,29101.0,0.722,4,2,6
1011,3082.59,31224.0,1.059,3,-1,6
1012,3086.0,17419.0,0.548,4,-1,5
1013,3090.1,15234.0,0.645,4,-1,3
1014,3092.47,12062.0,0.481,4,2,5
1015,3092.73,13961.0,0.556,5,3,4
1016,3093.94,9681.0,0.431,5,1,4
1017,3094.3,16453.0,0.507,4,-1,4
1018,3094.39,13970.0,0.487,2,2,5
1019,3095.03,17814.0,0.536,4,2,3
1020,3095.71,11343.0,0.575,3,2,5
1021,3096.72,9381.0,0.311,6,1,5
1022,3097.8,14229.0,0.709,4,2,4
1023,3099.43,11250.0,0.544,5,-1,6
1024,3103.14,35073.0,0.903,3,2,5
1025,3103.65,18322.0,0.498,4,1,4
1026,3105.51,24557.0,0.609,6,2,6
1027,3106.38,22893.0,0.445,4,2,5
1028,3110.05,15939.0,0.506,4,2,4
1029,3111.2,32944.0,0.677,4,1,5
1030,3114.77,11412.0,0.637,3,2,3
1031,3118.18,23961.0,0.458,4,1,6
1032,3120.08,31042.0,0.707,3,2,5
1033,3121.55,29687.0,0.66,4,2,4
1034,3122.43,12960.0,0.538,5,-1,4
1035,3122.81,13080.0,0.529,6,2,4
1036,3129.72,36423.0,0.881,3,-1,6
1037,3134.03,9343.0,0.65,6,-1,4
1038,3139.54,15860.0,0.371,4,-1,5
1039,3139.97,20959.0,0.386,4,2,6
1040,3142.48,25607.0,0.538,4,2,4
1041,3143.04,13612.0,0.512,4,1,5
1042,3144.81,34171.0,0.883,4,-1,5
1043,3146.2,12051.0,0.486,3,2,2
1044,3150.12,18797.0,0.486,4,1,4
1045,3150.66,29096.0,0.698,4,2,6
1046,3156.35,21936.0,0.511,5,-1,6
1047,3159.34,24566.0,0.485,3,2,5
1048,3160.94,8726.0,0.556,3,2,6
1049,3165.74,11956.0,0.418,6,-1,4
1050,3166.23,12684.0,0.516,4,2,4
1051,3166.79,28050.0,0.783,4,-1,5
1052,3167.77,8904.0,0.394,3,-1,4
1053,3173.36,33183.0,0.89,5,-1,5
1054,3175.84,14512.0,0.594,4,2,4
1055,3176.15,9479.0,0.517,2,1,4
1056,3176.5,15046.0,0.54,3,2,5
1057,3181.17,10598.0,0.497,7,2,2
1058,3182.68,34796.0,0.831,4,2,5
1059,3185.82,11559.0,0.594,5,-1,3
1060,3187.53,28133.0,0.428,4,1,5
1061,3187.72,9400.0,0.46,4,-1,4
1062,3188.74,22674.0,0.496,5,-1,4
1063,3189.15,12215.0,0.466,4,-1,6
1064,3190.43,8590.0,0.513,3,-1,6
1065,3194.51,30576.0,0.634,5,-1,5
1066,3196.45,14849.0,0.61,4,2,4
1067,3199.58,10044.0,0.557,5,2,3
1068,3200.33,12460.0,0.625,4,2,3
1069,3200.37,10235.0,0.531,4,2,3
1070,3201.06,10483.0,0.413,5,-1,6
1071,3205.19,14023.0,0.527,5,1,5
1072,3206.5,27994.0,0.686,4,2,5
1073,3206.73,28730.0,0.655,3,2,4
1074,3208.12,21609.0,0.566,4,1,3
1075,3208.57,36400.0,0.869,3,-1,6
1076,3208.97,28243.0,0.711,4,2,6
1077,3210.19,8820.0,0.598,4,2,2
1078,3212.04,24771.0,0.423,4,1,6
1079,3213.86,11094.0,0.399,4,1,5
1080,3217.34,17163.0,0.528,5,1,4
1081,3219.43,31090.0,0.61,4,2,5
1082,3226.92,11514.0,0.611,5,-1,4
1083,3229.6,7540.0,0.432,6,2,4
1084,3233.66,26612.0,0.572,4,-1,4
1085,3235.22,14891.0,0.631,5,-1,4
1086,3238.84,24830.0,0.526,4,-1,5
1087,3245.44,14305.0,0.421,3,1,4
1088,3246.87,15025.0,0.728,4,1,2
1089,3247.81,31382.0,0.839,4,2,5
1090,3248.04,13808.0,0.467,4,1,2
1091,3248.59,34490.0,0.867,3,-1,6
1092,3254.36,25412.0,0.582,4,-1,4
1093,3257.24,11352.0,0.46,7,2,7
1094,3259.35,10569.0,0.424,5,2,7
1095,3259.48,9713.0,0.386,4,-1,5
1096,3259.63,28037.0,0.638,4,-1,5
1097,3262.36,7861.0,0.339,6,-1,6
1098,3262.74,34554.0,0.811,4,2,6
1099,3263.58,24221.0,0.567,3,2,4
1100,3264.09,12940.0,0.587,5,-1,3
1101,3266.99,32383.0,0.814,4,2,5
1102,3269.08,20408.0,0.535,4,2,5
1103,3272.41,35056.0,0.953,3,-1,6
1104,3277.47,14695.0,0.421,5,2,5
1105,3277.79,10345.0,0.478,4,2,3
1106,3285.87,32539.0,0.801,5,-1,5
1107,3290.05,22063.0,0.518,4,2,5
1108,3294.28,26675.0,0.508,4,2,5
1109,3295.52,25020.0,0.709,5,2,5
1110,3301.02,12231.0,0.631,4,2,3
1111,3301.51,36921.0,0.838,3,2,7
1112,3301.75,10987.0,0.601,4,2,4
1113,3303.39,16724.0,0.554,4,1,4
1114,3307.06,30127.0,0.607,3,2,5
1115,3318.75,19317.0,0.424,4,1,4
1116,3320.2,21822.0,0.532,5,2,4
1117,3321.53,23435.0,0.477,5,-1,5
1118,3321.95,20941.0,0.504,4,-1,6
1119,3327.01,22494.0,0.514,4,2,5
1120,3331.09,31026.0,0.723,5,-1,5
1121,3333.92,11908.0,0.555,3,-1,6
1122,3339.92,21854.0,0.557,4,1,5
1123,3343.33,11523.0,0.508,5,2,7
1124,3349.65,16804.0,0.434,4,1,3
1125,3349.91,20570.0,0.452,4,-1,4
1126,3352.1,27708.0,0.528,4,2,5
1127,3352.87,10396.0,0.682,5,2,4
1128,3353.3,11501.0,0.467,4,1,2
1129,3354.37,14739.0,0.569,4,2,6
1130,3356.69,25626.0,0.687,4,2,5
1131,3358.91,26823.0,0.645,4,2,5
1132,3360.15,30762.0,0.743,5,-1,5
1133,3360.57,20675.0,0.557,5,-1,5
1134,3361.32,28935.0,0.657,4,-1,5
1135,3362.47,34747.0,0.812,5,-1,7
1136,3364.16,22941.0,0.587,5,-1,5
1137,3366.4,12437.0,0.614,4,-1,5
1138,3368.49,28470.0,0.507,4,-1,5
1139,3374.66,10698.0,0.552,4,2,3
1140,3375.49,11484.0,0.868,5,-1,2
1141,3375.94,28416.0,0.519,4,-1,6
1142,3376.22,23109.0,0.564,5,-1,5
1143,3384.15,22026.0,0.492,3,2,6
1144,3385.54,23120.0,0.576,4,2,5
1145,3386.39,22641.0,0.542,4,2,4
1146,3387.61,28967.0,0.727,4,-1,5
1147,3388.36,16169.0,0.589,6,2,4
1148,3389.1,9933.0,0.437,4,-1,4
1149,3392.97,8031.0,0.603,5,2,3
1150,3393.01,26634.0,0.782,5,-1,5
1151,3393.18,11765.0,0.377,6,-1,6
1152,3395.89,31640.0,0.795,3,2,5
1153,3397.9,20376.0,0.55,4,2,5
1154,3400.48,35032.0,0.805,4,-1,5
1155,3401.03,23591.0,0.677,4,2,5
1156,3401.59,15609.0,0.577,4,2,2
1157,3403.81,31018.0,0.89,5,-1,6
1158,3404.17,7444.0,0.416,3,2,2
1159,3404.53,9668.0,0.778,4,2,3
1160,3408.76,22750.0,0.559,4,2,4
1161,3410.23,16082.0,0.502,5,-1,5
1162,3422.46,31996.0,0.877,4,2,6
1163,3425.53,8206.0,0.404,7,1,5
1164,3442.64,8545.0,0.632,6,2,6
1165,3449.23,24354.0,0.458,3,2,6
1166,3449.68,23909.0,0.544,4,2,4
1167,3449.75,12245.0,0.569,5,2,6
1168,3458.32,14426.0,0.589,4,-1,3
1169,3459.73,25930.0,0.759,4,2,5
1170,3461.03,21858.0,0.574,5,-1,5
1171,3463.06,22919.0,0.409,4,1,5
1172,3465.45,22536.0,0.523,5,-1,5
1173,3465.77,30273.0,0.721,5,2,5
1174,3466.5,35436.0,0.83,4,1,4
1175,3468.67,25454.0,0.541,4,1,5
1176,3471.98,34670.0,0.799,4,1,5
1177,3472.53,10347.0,0.452,3,-1,6
1178,3475.69,21579.0,0.561,4,2,6
1179,3479.02,10510.0,0.494,4,-1,4
1180,3479.38,15298.0,0.672,4,-1,3
1181,3479.94,8196.0,0.402,5,1,1
1182,3480.39,12167.0,0.513,4,-1,3
1183,3483.27,11544.0,0.443,4,1,6
1184,3484.14,13834.0,0.445,4,2,6
1185,3485.68,20121.0,0.403,4,1,6
1186,3487.6,20395.0,0.481,4,2,5
1187,3491.61,9219.0,0.609,4,2,3
1188,3493.74,12187.0,0.465,5,-1,5
1189,3497.2,20198.0,0.552,4,-1,4
1190,3497.22,15189.0,0.45,6,2,6
1191,3497.31,30806.0,0.69,5,-1,5
1192,3498.1,11525.0,0.565,4,1,4
1193,3498.67,9766.0,0.483,5,2,2
1194,3499.53,12952.0,0.472,5,2,5
1195,3499.83,28309.0,0.699,5,-1,5
1196,3500.87,20404.0,0.504,4,1,4
1197,3501.19,13297.0,0.776,5,-1,4
1198,3501.92,10090.0,0.672,6,2,5
1199,3503.13,12433.0,0.528,4,2,5
1200,3504.22,11769.0,0.398,6,1,7
1201,3507.81,14147.0,0.427,4,1,5
1202,3509.77,9734.0,0.449,5,1,1
1203,3510.86,22221.0,0.518,5,-1,5
1204,3513.46,19885.0,0.464,4,1,4
1205,3527.65,17279.0,0.535,4,2,4
1206,3531.81,9592.0,0.46,4,2,6
1207,3532.58,7710.0,0.512,7,1,2
1208,3533.41,25404.0,0.578,5,2,6
1209,3536.87,17767.0,0.595,4,2,4
1210,3537.06,12455.0,0.502,4,1,3
1211,3539.86,8435.0,0.583,4,-1,6
1212,3540.54,15375.0,0.526,4,2,5
1213,3542.46,20763.0,0.511,4,2,6
1214,3543.72,30394.0,0.904,4,2,6
1215,3547.52,34334.0,0.967,4,2,5
1216,3550.31,13942.0,0.407,4,1,5
1217,3552.55,19268.0,0.503,6,-1,5
1218,3558.27,27918.0,0.617,4,2,6
1219,3560.19,31028.0,0.688,4,-1,5
1220,3563.67,23946.0,0.538,4,-1,4
1221,3563.88,10780.0,0.456,5,2,6
1222,3564.12,21493.0,0.471,3,2,6
1223,3567.15,10887.0,0.492,4,2,4
1224,3576.64,11938.0,0.731,4,-1,3
1225,3576.9,12785.0,0.525,5,-1,5
1226,3582.81,21489.0,0.46,4,2,6
1227,3583.88,26572.0,0.684,4,2,6
1228,3585.41,8853.0,0.592,5,2,5
1229,3586.54,9016.0,0.506,4,-1,4
1230,3588.68,10888.0,0.512,5,2,4
1231,3591.34,8992.0,0.472,4,2,3
1232,3591.52,19420.0,0.537,4,2,5
1233,3592.86,21151.0,0.54,4,-1,5
1234,3599.07,21993.0,0.584,4,-1,5
1235,3604.32,12100.0,0.428,6,1,5
1236,3604.47,8205.0,0.499,6,2,1
1237,3610.14,31840.0,0.763,3,2,5
1238,3611.21,12826.0,0.517,6,2,5
1239,3616.24,28740.0,0.718,4,2,4
1240,3617.53,12186.0,0.629,5,-1,4
1241,3620.06,8927.0,0.524,6,-1,7
1242,3622.86,13619.0,0.437,5,2,4
1243,3625.72,26019.0,0.438,4,1,4
1244,3630.09,8316.0,0.636,4,2,5
1245,3630.9,10709.0,0.689,5,-1,2
1246,3631.29,9538.0,0.429,6,1,1
1247,3632.31,18309.0,0.587,3,2,4
1248,3638.97,15711.0,0.44,5,1,4
1249,3640.63,21763.0,0.55,5,-1,4
1250,3646.67,27198.0,0.7,4,-1,5
1251,3647.23,9147.0,0.64,5,2,5
1252,3650.24,24116.0,0.559,4,-1,5
1253,3650.98,26005.0,0.544,4,-1,5
1254,3651.6,9006.0,0.464,4,2,6
1255,3651.84,16710.0,0.603,4,2,5
1256,3653.01,20423.0,0.542,6,-1,5
1257,3653.2,21147.0,0.595,5,2,4
1258,3654.59,26374.0,0.535,3,2,5
1259,3654.74,25650.0,0.541,4,2,5
1260,3659.3,32804.0,0.754,4,2,5
1261,3659.47,10397.0,0.647,3,2,4
1262,3659.75,21344.0,0.534,4,2,5
1263,3663.79,18515.0,0.54,5,2,5
1264,3667.01,31307.0,0.775,3,2,6
1265,3667.5,31842.0,0.71,4,2,4
1266,3669.93,26488.0,0.619,3,2,4
1267,3673.71,8038.0,0.591,5,2,7
1268,3674.97,18922.0,0.473,4,2,6
1269,3678.23,28629.0,0.512,4,2,5
1270,3679.92,10952.0,0.564,5,-1,4
1271,3680.96,25586.0,0.481,3,2,6
1272,3681.75,27589.0,0.633,4,1,4
1273,3682.5,18926.0,0.513,4,2,4
1274,3683.27,7751.0,0.371,3,-1,6
1275,3683.65,30453.0,0.722,4,2,5
1276,3684.59,25944.0,0.545,4,2,5
1277,3687.36,33187.0,0.936,6,-1,6
1278,3690.78,8389.0,0.627,3,-1,4
1279,3694.94,25194.0,0.492,6,-1,5
1280,3695.02,8160.0,0.431,2,1,1
1281,3700.74,8496.0,0.642,6,2,6
1282,3701.32,14215.0,0.762,5,-1,4
1283,3718.69,10132.0,0.614,4,1,2
1284,3719.6,26178.0,0.573,5,2,4
1285,3721.1,8204.0,0.457,4,1,4
1286,3723.12,33456.0,0.817,4,2,6
1287,3724.3,26215.0,0.68,4,-1,5
1288,3726.5,30428.0,0.75,3,2,5
1289,3729.01,30055.0,0.789,4,-1,5
1290,3735.91,36277.0,0.865,3,2,6
1291,3737.19,11527.0,0.587,4,2,5
1292,3740.77,18068.0,0.57,3,2,5
1293,3747.6,8396.0,0.382,4,2,4
1294,3752.51,24865.0,0.529,5,-1,5
1295,3752.8,32801.0,0.663,4,1,5
1296,3753.85,10809.0,0.811,4,2,4
1297,3755.86,24236.0,0.596,4,2,4
1298,3760.04,11776.0,0.463,4,1,4
1299,3760.85,28656.0,0.512,4,1,5
1300,3767.21,20656.0,0.469,3,2,5
1301,3768.89,34021.0,0.869,3,2,6
1302,3774.01,22518.0,0.568,4,2,5
1303,3775.25,25354.0,0.482,4,-1,5
1304,3775.72,11630.0,0.459,5,1,4
1305,3782.25,27099.0,0.664,4,2,5
1306,3782.34,15249.0,0.584,4,2,6
1307,3782.46,30973.0,0.78,6,2,5
1308,3785.71,25243.0,0.495,4,-1,5
1309,3786.92,15434.0,0.605,3,2,5
1310,3790.47,27554.0,0.515,4,1,4
1311,3791.53,16779.0,0.443,4,2,6
1312,3795.95,24710.0,0.488,4,1,6
1313,3798.55,24946.0,0.439,4,-1,5
1314,3802.14,14146.0,0.43,4,1,5
1315,3804.76,24760.0,0.622,4,1,4
1316,3808.24,21211.0,0.49,4,-1,4
1317,3809.82,6971.0,0.371,5,1,1
1318,3811.87,15870.0,0.522,3,-1,6
1319,3813.06,9690.0,0.5,4,1,4
1320,3821.87,11760.0,0.5,3,-1,4
1321,3822.22,21289.0,0.57,4,2,5
1322,3826.53,16165.0,0.547,3,2,5
1323,3827.25,21257.0,0.452,4,1,4
1324,3828.47,9645.0,0.515,5,2,5
1325,3830.96,8030.0,0.421,6,2,2
1326,3834.64,15549.0,0.568,4,2,4
1327,3834.81,22063.0,0.46,4,2,7
1328,3835.98,18290.0,0.477,4,-1,5
1329,3838.97,15269.0,0.699,5,2,4
1330,3845.97,35115.0,0.811,3,2,7
1331,3850.15,25418.0,0.48,5,-1,4
1332,3851.04,11156.0,0.475,6,2,6
1333,3855.18,11943.0,0.634,5,-1,4
1334,3855.89,23588.0,0.529,4,-1,5
1335,3859.68,19868.0,0.519,3,2,5
1336,3861.22,31434.0,0.721,4,-1,5
1337,3862.48,10519.0,0.652,4,1,2
1338,3870.84,13081.0,0.523,4,2,5
1339,3872.85,31652.0,0.902,5,2,6
1340,3875.56,9477.0,0.629,4,2,5
1341,3875.82,29818.0,0.591,5,1,5
1342,3886.48,32621.0,0.947,5,-1,6
1343,3886.68,9823.0,0.922,4,2,1
1344,3887.32,8632.0,0.627,4,2,5
1345,3888.81,31048.0,0.701,4,-1,5
1346,3890.15,34063.0,0.917,6,2,6
1347,3890.2,9797.0,0.742,5,-1,3
1348,3892.54,9593.0,0.567,5,1,4
1349,3897.58,35114.0,0.882,3,2,6
1350,3899.2,24337.0,0.561,4,-1,4
1351,3901.23,34028.0,0.866,4,-1,5
1352,3902.89,24620.0,0.543,5,-1,6
1353,3903.09,12485.0,0.567,4,2,5
1354,3903.68,17803.0,0.578,3,2,5
1355,3907.16,9108.0,0.635,4,-1,5
1356,3907.52,33547.0,0.908,5,2,6
1357,3908.8,12095.0,0.535,5,-1,4
1358,3909.08,15070.0,0.403,5,2,7
1359,3915.7,8092.0,0.461,3,2,6
1360,3916.04,18344.0,0.471,4,2,4
1361,3917.81,13311.0,0.62,4,-1,4
1362,3925.89,23100.0,0.552,4,-1,5
1363,3929.24,9156.0,0.59,5,-1,5
1364,3930.89,33300.0,0.746,4,-1,5
1365,3931.93,32814.0,0.691,4,1,5
1366,3932.94,27746.0,0.679,4,-1,5
1367,3935.73,25973.0,0.548,4,-1,5
1368,3941.13,14402.0,0.495,4,-1,5
1369,3946.59,18848.0,0.444,5,-1,6
1370,3950.24,23375.0,0.511,5,2,4
1371,3951.56,24092.0,0.554,3,2,5
1372,3955.19,30002.0,0.671,4,-1,5
1373,3967.35,24027.0,0.502,4,1,5
1374,3967.5,23424.0,0.565,4,-1,4
1375,3971.64,34596.0,0.844,3,2,6
1376,3977.6,32398.0,0.744,5,-1,5
1377,3978.24,18535.0,0.53,4,2,6
1378,3982.31,30575.0,0.834,5,-1,6
1379,3982.35,9162.0,0.61,4,2,3
1380,3984.32,12533.0,0.597,5,2,3
1381,3984.64,14733.0,0.545,4,1,5
1382,3984.81,8959.0,0.535,5,-1,7
1383,3987.86,10501.0,0.41,5,2,6
1384,3989.4,24466.0,0.58,4,2,5
1385,3993.47,14692.0,0.63,6,1,4
1386,3996.25,11032.0,0.514,3,2,2
1387,3996.84,9364.0,0.51,6,2,2
1388,3999.38,32780.0,0.699,5,1,5
1389,4000.53,10369.0,0.544,5,-1,5
1390,4005.4,33794.0,0.881,6,-1,5
1391,4009.54,13210.0,0.401,5,-1,6
1392,4012.14,34621.0,0.975,3,-1,6
1393,4022.77,10041.0,0.76,4,2,2
1394,4023.81,14013.0,0.445,6,-1,4
1395,4031.49,16284.0,0.531,4,2,5
1396,4036.13,35791.0,0.89,3,-1,6
1397,4039.13,21971.0,0.532,4,2,4
1398,4043.04,34218.0,0.918,3,-1,6
1399,4043.51,10747.0,0.678,4,2,3
1400,4044.19,34463.0,0.861,4,2,6
1401,4046.26,30435.0,0.538,4,1,6
1402,4046.99,34523.0,0.804,5,-1,6
1403,4047.95,12100.0,0.508,4,2,5
1404,4049.23,8400.0,0.554,5,2,5
1405,4053.43,29099.0,0.63,4,1,5
1406,4060.92,18739.0,0.532,4,-1,5
1407,4061.52,15476.0,0.497,4,1,3
1408,4067.3,10476.0,0.354,2,1,4
1409,4068.9,17598.0,0.488,4,1,5
1410,4072.83,12161.0,0.424,4,2,5
1411,4073.51,19006.0,0.492,4,2,5
1412,4078.27,9084.0,0.539,4,-1,2
1413,4079.23,10659.0,0.541,4,2,3
1414,4081.32,24876.0,0.542,4,2,6
1415,4085.44,15332.0,0.55,5,-1,6
1416,4096.98,17462.0,0.435,4,2,6
1417,4097.88,33347.0,0.807,3,2,6
1418,4103.32,8686.0,0.604,3,-1,4
1419,4106.52,24568.0,0.635,5,-1,5
1420,4106.69,14604.0,0.444,4,2,5
1421,4106.86,16896.0,0.482,4,1,6
1422,4107.76,9705.0,0.549,5,2,4
1423,4109.48,27718.0,0.679,4,2,5
1424,4114.01,14877.0,0.497,3,2,5
1425,4125.62,14032.0,0.343,5,-1,5
1426,4130.44,18086.0,0.475,4,2,6
1427,4134.3,31059.0,0.627,4,-1,5
1428,4135.88,17239.0,0.44,5,-1,6
1429,4139.08,30688.0,0.611,5,-1,6
1430,4141.34,8416.0,0.538,4,-1,3
1431,4141.49,22053.0,0.451,3,2,6
1432,4145.72,10964.0,0.547,4,-1,6
1433,4146.38,31686.0,0.835,4,-1,6
1434,4149.32,29325.0,0.565,4,2,5
1435,4166.37,19708.0,0.472,7,-1,5
1436,4168.59,10064.0,0.552,7,2,6
1437,4170.1,17762.0,0.466,4,1,6
1438,4173.33,33893.0,0.887,4,2,5
1439,4175.67,31713.0,0.882,4,2,5
1440,4179.0,13694.0,0.579,4,2,5
1441,4184.0,20217.0,0.558,4,-1,2
1442,4184.19,9120.0,0.45,6,2,5
1443,4194.11,16929.0,0.361,5,1,5
1444,4194.81,18460.0,0.596,4,-1,6
1445,4195.94,10074.0,0.527,4,1,2
1446,4200.08,12223.0,0.665,5,-1,5
1447,4200.96,18108.0,0.426,4,1,5
1448,4209.69,19232.0,0.551,4,2,5
1449,4211.8,34497.0,0.882,6,2,6
1450,4211.97,32876.0,0.787,4,2,5
1451,4213.55,25688.0,0.611,4,-1,5
1452,4214.83,11246.0,0.646,3,2,5
1453,4215.57,22157.0,0.499,4,-1,5
1454,4219.24,22755.0,0.534,4,-1,5
1455,4223.96,28259.0,0.71,4,2,5
1456,4229.1,27980.0,0.829,4,2,6
1457,4229.4,10056.0,0.518,4,1,4
1458,4230.98,19428.0,0.563,4,-1,4
1459,4231.62,11569.0,0.439,4,-1,2
1460,4232.56,26323.0,0.459,4,2,6
1461,4234.42,11648.0,0.342,2,1,5
1462,4236.59,12937.0,0.399,6,-1,5
1463,4238.64,31026.0,0.732,5,-1,5
1464,4239.39,12263.0,0.526,4,-1,4
1465,4242.61,13844.0,0.412,5,1,5
1466,4245.06,21023.0,0.463,4,-1,5
1467,4248.67,32888.0,0.858,3,2,6
1468,4254.15,10486.0,0.677,4,2,3
1469,4257.44,28910.0,0.526,5,-1,6
1470,4265.25,13756.0,0.415,4,1,5
1471,4265.46,27144.0,0.707,4,2,5
1472,4268.98,18449.0,0.406,4,2,4
1473,4274.81,10615.0,0.466,4,1,5
1474,4275.13,13458.0,0.48,3,1,4
1475,4279.35,34328.0,0.911,3,2,6
1476,4288.34,13003.0,0.462,5,-1,5
1477,4291.69,30641.0,0.832,5,2,5
1478,4294.99,31802.0,0.989,5,-1,5
1479,4298.73,26883.0,0.469,4,-1,5
1480,4299.56,31159.0,0.617,4,-1,5
1481,4301.71,32554.0,0.823,4,2,6
1482,4302.2,34513.0,0.878,4,-1,5
1483,4307.56,23361.0,0.666,4,-1,5
1484,4307.86,25757.0,0.587,5,-1,4
1485,4309.27,17587.0,0.587,4,1,3
1486,4317.31,26697.0,0.566,4,-1,5
1487,4319.85,35116.0,0.843,4,2,5
1488,4326.81,34824.0,0.913,3,2,6
1489,4328.0,30973.0,0.602,4,-1,5
1490,4330.43,9913.0,0.488,3,2,5
1491,4334.0,36122.0,0.882,3,-1,5
1492,4336.62,33383.0,0.745,4,2,6
1493,4338.07,27421.0,0.702,4,2,5
1494,4339.18,13102.0,0.599,5,2,2
1495,4340.87,27046.0,0.429,4,1,7
1496,4342.06,33316.0,0.762,4,-1,5
1497,4342.25,10148.0,0.763,5,2,2
1498,4343.15,10658.0,0.581,4,-1,3
1499,4344.03,8993.0,0.717,6,2,5
1500,4344.43,11409.0,0.61,3,2,3
1501,4345.75,8394.0,0.418,4,-1,6
1502,4351.86,23573.0,0.476,4,-1,6
1503,4353.35,13461.0,0.53,4,2,5
1504,4355.27,20221.0,0.411,5,-1,4
1505,4362.23,13426.0,0.352,3,1,5
1506,4363.23,13957.0,0.4,4,2,5
1507,4366.88,25175.0,0.542,4,2,5
1508,4374.86,34933.0,0.826,5,2,6
1509,4393.21,15584.0,0.476,4,1,6
1510,4398.1,35700.0,0.842,3,2,6
1511,4399.91,34377.0,0.804,4,-1,5
1512,4407.06,14455.0,0.522,4,-1,5
1513,4407.12,28851.0,0.561,4,-1,5
1514,4409.04,14691.0,0.557,4,2,5
1515,4412.65,14376.0,0.568,5,2,4
1516,4414.36,10778.0,0.438,3,2,6
1517,4417.09,31743.0,0.77,4,2,5
1518,4420.88,13469.0,0.501,4,1,6
1519,4424.38,26663.0,0.678,4,-1,5
1520,4426.18,27768.0,0.57,4,-1,5
1521,4430.21,13667.0,0.445,4,2,5
1522,4437.95,8627.0,0.523,4,2,4
1523,4446.36,12817.0,0.496,3,1,2
1524,4446.58,13225.0,0.514,5,1,3
1525,4448.18,34561.0,0.802,4,-1,5
1526,4452.27,23005.0,0.48,5,-1,4
1527,4457.22,17604.0,0.519,4,2,4
1528,4459.95,13896.0,0.509,5,-1,5
1529,4473.72,28764.0,0.807,4,-1,5
1530,4473.87,21643.0,0.495,3,-1,4
1531,4474.27,19856.0,0.537,3,2,5
1532,4479.54,8313.0,0.57,4,2,2
1533,4481.38,11814.0,0.505,4,-1,3
1534,4484.47,19492.0,0.47,4,2,6
1535,4486.86,11919.0,0.393,4,2,4
1536,4490.91,15612.0,0.483,5,-1,4
1537,4491.43,9698.0,0.463,4,1,4
1538,4499.45,13382.0,0.468,5,-1,4
1539,4504.34,9281.0,0.454,4,1,1
1540,4504.4,12087.0,0.425,4,1,7
1541,4511.27,9690.0,0.663,5,-1,2
1542,4511.63,14401.0,0.497,4,1,3
1543,4511.93,28071.0,0.711,4,2,4
1544,4513.02,18363.0,0.576,4,2,5
1545,4517.99,26537.0,0.632,4,2,4
1546,4518.93,32760.0,0.727,5,-1,4
1547,4519.02,19963.0,0.569,4,2,3
1548,4519.04,19872.0,0.606,4,2,4
1549,4519.93,16485.0,0.439,4,1,5
1550,4521.66,11225.0,0.586,4,2,4
1551,4523.24,33934.0,0.847,4,2,6
1552,4529.24,34746.0,0.823,5,2,6
1553,4529.79,16020.0,0.633,5,-1,3
1554,4534.29,12015.0,0.57,4,-1,4
1555,4540.12,17457.0,0.486,5,1,4
1556,4542.93,30635.0,0.695,3,2,5
1557,4543.66,8165.0,0.505,4,2,5
1558,4546.22,32695.0,0.826,4,2,5
1559,4546.88,8196.0,0.584,5,2,5
1560,4548.97,13165.0,0.453,6,2,5
1561,4549.19,21557.0,0.537,4,-1,5
1562,4555.05,33472.0,0.907,4,2,6
1563,4555.69,10319.0,0.624,7,-1,1
1564,4556.7,22975.0,0.425,4,2,6
1565,4558.98,18317.0,0.51,4,2,4
1566,4562.05,32800.0,0.886,4,2,6
1567,4569.54,9256.0,0.529,3,2,6
1568,4570.54,14222.0,0.561,4,2,4
1569,4571.93,29462.0,0.499,4,1,6
1570,4572.34,8633.0,0.629,4,2,1
1571,4578.1,35419.0,0.837,5,-1,5
1572,4579.95,11764.0,0.483,4,2,5
1573,4587.12,7959.0,0.349,4,1,1
1574,4587.7,26599.0,0.451,4,2,5
1575,4587.98,14780.0,0.497,4,-1,5
1576,4588.92,30197.0,0.527,4,1,4
1577,4589.79,27154.0,0.487,4,2,5
1578,4590.32,23023.0,0.531,4,2,5
1579,4591.14,25506.0,0.613,3,2,5
1580,4601.95,18271.0,0.485,4,1,5
1581,4603.02,10216.0,0.553,5,-1,6
1582,4604.43,34018.0,0.748,5,-1,5
1583,4605.3,33888.0,0.799,4,-1,5
1584,4609.1,24972.0,0.583,4,2,5
1585,4612.28,20251.0,0.528,3,2,5
1586,4614.99,34257.0,0.869,5,-1,5
1587,4615.01,15909.0,0.45,4,-1,5
1588,4622.35,17495.0,0.533,3,2,5
1589,4622.52,7273.0,0.451,5,-1,4
1590,4626.47,31139.0,0.697,5,-1,6
1591,4633.32,24441.0,0.497,4,2,3
1592,4634.84,22807.0,0.555,5,-1,5
1593,4637.01,8002.0,0.567,4,-1,3
1594,4640.06,12235.0,0.411,4,1,6
1595,4640.36,31560.0,0.72,4,2,5
1596,4643.11,33357.0,0.726,4,-1,5
1597,4644.67,14453.0,0.56,4,2,5
1598,4646.53,13613.0,0.586,5,2,5
1599,4648.58,17888.0,0.571,4,-1,5
1600,4649.07,18244.0,0.639,4,-1,3
1601,4652.97,33328.0,0.816,3,2,5
1602,4653.21,23679.0,0.517,4,-1,4
1603,4664.92,11202.0,0.487,6,2,4
1604,4675.87,9430.0,0.716,5,-1,2
1605,4679.45,15033.0,0.575,4,-1,5
1606,4680.88,27941.0,0.616,4,2,5
1607,4682.54,29009.0,0.625,3,2,5
1608,4688.82,9349.0,0.625,5,2,5
1609,4691.53,34254.0,0.843,3,2,6
1610,4692.0,22800.0,0.532,5,2,5
1611,4696.24,19252.0,0.468,4,2,6
1612,4698.8,8497.0,0.511,5,1,1
1613,4699.66,11337.0,0.593,3,2,6
1614,4700.17,18665.0,0.425,5,-1,5
1615,4709.64,8688.0,0.658,4,2,5
1616,4712.12,14299.0,0.606,5,-1,4
1617,4724.88,21418.0,0.481,5,1,5
1618,4725.75,9500.0,0.451,4,-1,5
1619,4730.0,12872.0,0.516,4,2,6
1620,4732.62,11311.0,0.628,4,2,4
1621,4733.05,11780.0,0.589,7,1,4
1622,4743.93,13453.0,0.515,4,2,4
1623,4744.1,27499.0,0.793,4,2,4
1624,4746.68,9666.0,0.579,5,2,4
1625,4748.26,14077.0,0.506,4,-1,5
1626,4748.65,12086.0,0.689,3,2,4
1627,4756.52,28473.0,0.602,4,2,5
1628,4757.01,24469.0,0.574,4,1,5
1629,4759.02,29383.0,0.618,4,-1,4
1630,4764.4,7717.0,0.518,2,1,4
1631,4772.76,9589.0,0.496,7,-1,6
1632,4773.32,24744.0,0.511,4,-1,5
1633,4776.66,36389.0,0.86,3,-1,6
1634,4789.02,15113.0,0.505,4,-1,6
1635,4790.41,27222.0,0.525,4,2,6
1636,4793.59,20008.0,0.395,4,1,5
1637,4797.96,20850.0,0.442,4,1,5
1638,4802.25,21381.0,0.43,3,1,6
1639,4802.59,32240.0,0.837,3,2,5
1640,4810.12,11424.0,0.524,2,2,5
1641,4811.36,22620.0,0.548,5,2,6
1642,4822.24,9355.0,0.721,6,-1,3
1643,4824.08,9178.0,0.697,5,2,4
1644,4825.64,10728.0,0.514,3,-1,4
1645,4830.46,17997.0,0.502,4,1,4
1646,4832.93,8490.0,0.489,4,-1,5
1647,4833.17,8451.0,0.512,6,2,5
1648,4837.05,9952.0,0.678,4,2,4
1649,4837.44,13086.0,0.599,4,2,3
1650,4837.65,35312.0,0.85,5,2,5
1651,4847.08,31584.0,0.826,3,2,5
1652,4849.11,30999.0,0.629,4,2,5
1653,4849.94,8411.0,0.455,7,-1,4
1654,4850.62,27003.0,0.592,3,2,6
1655,4852.12,8231.0,0.386,7,1,7
1656,4855.47,18076.0,0.482,4,2,4
1657,4856.53,7638.0,0.409,6,1,1
1658,4858.62,34517.0,0.89,5,-1,5
1659,4865.56,22222.0,0.488,4,-1,5
1660,4871.36,31811.0,0.649,4,-1,5
1661,4874.29,33014.0,0.811,4,-1,5
1662,4875.03,26949.0,0.58,4,-1,5
1663,4878.68,19850.0,0.48,4,2,5
1664,4889.46,14314.0,0.561,4,-1,4
1665,4890.61,13894.0,0.539,4,2,3
1666,4891.14,10084.0,0.64,4,1,5
1667,4892.42,26956.0,0.603,4,2,5
1668,4895.84,36188.0,0.831,5,2,6
1669,4898.48,24771.0,0.509,4,1,5
1670,4901.98,11711.0,0.742,4,2,3
1671,4902.92,28860.0,0.557,4,-1,5
1672,4905.69,25091.0,0.548,6,2,5
1673,4905.93,11198.0,0.633,4,-1,3
1674,4909.3,9803.0,0.543,4,1,2
1675,4911.71,30853.0,0.875,5,2,6
1676,4911.9,33982.0,0.876,5,-1,6
1677,4912.31,13231.0,0.419,4,-1,3
1678,4914.46,27149.0,0.55,4,2,6
1679,4914.91,11761.0,0.538,4,2,4
1680,4916.94,11488.0,0.494,6,-1,5
1681,4917.05,14763.0,0.678,4,2,5
1682,4922.38,26879.0,0.596,4,2,5
1683,4926.48,25556.0,0.533,4,1,4
1684,4931.36,23821.0,0.551,4,-1,5
1685,4934.52,8831.0,0.596,3,2,4
1686,4936.72,11686.0,0.463,4,-1,4
1687,4940.9,23452.0,0.491,4,2,5
1688,4942.76,11148.0,0.645,4,-1,4
1689,4944.32,26831.0,0.615,4,2,5
1690,4945.02,30553.0,0.547,4,1,5
1691,4949.05,13727.0,0.617,4,2,4
1692,4954.13,29140.0,0.581,5,2,6
1693,4959.85,10821.0,0.59,4,-1,5
1694,4962.5,12103.0,0.407,6,1,6
1695,4965.25,7369.0,0.398,2,1,6
1696,4967.57,9332.0,0.511,3,1,7
1697,4970.5,23303.0,0.414,4,1,5
1698,4973.38,13719.0,0.558,4,-1,4
1699,4976.88,13463.0,0.415,3,1,5
1700,4978.73,9637.0,0.479,4,-1,3
1701,4979.12,10639.0,0.567,3,2,4
1702,4979.2,8547.0,0.389,5,-1,4
1703,4981.04,14485.0,0.511,5,-1,4
1704,4981.76,30345.0,0.713,5,-1,5
1705,4982.57,10309.0,0.623,4,2,4
1706,4984.77,11405.0,0.489,5,2,5
1707,4991.9,29505.0,0.592,3,2,6
1708,5005.75,23931.0,0.559,3,2,5
1709,5009.35,35052.0,0.769,4,1,5
1710,5022.94,9112.0,0.725,5,-1,5
1711,5025.74,11663.0,0.38,3,2,6
1712,5028.15,19619.0,0.372,4,1,5
1713,5046.95,31412.0,0.844,4,-1,5
1714,5053.5,10334.0,0.56,4,-1,3
1715,5053.69,17156.0,0.544,4,-1,4
1716,5062.1,26409.0,0.589,3,2,6
1717,5063.76,9185.0,0.481,4,1,1
1718,5069.54,15615.0,0.495,4,1,5
1719,5071.31,12902.0,0.449,4,-1,7
1720,5077.37,22566.0,0.542,4,2,6
1721,5078.89,27786.0,0.595,4,2,4
1722,5083.63,13677.0,0.594,5,2,5
1723,5086.55,23384.0,0.493,5,-1,5
1724,5087.94,8442.0,0.439,7,-1,4
1725,5091.33,10846.0,0.484,4,2,7
1726,5092.59,33239.0,0.788,4,-1,5
1727,5097.92,34950.0,0.83,4,-1,5
1728,5102.81,8422.0,0.351,4,-1,8
1729,5107.27,10375.0,0.552,7,2,5
1730,5108.21,9918.0,0.431,4,-1,4
1731,5111.09,12902.0,0.518,4,2,4
1732,5111.37,28418.0,0.554,5,2,5
1733,5117.55,26051.0,0.658,4,-1,5
1734,5118.54,22943.0,0.444,4,-1,5
1735,5122.21,11089.0,0.556,4,-1,2
1736,5124.42,11958.0,0.376,6,-1,6
1737,5126.77,11324.0,0.514,4,1,5
1738,5131.79,13345.0,0.487,4,1,3
1739,5135.54,8823.0,0.694,4,2,4
1740,5136.67,25349.0,0.949,5,-1,5
1741,5136.69,11943.0,0.687,5,-1,3
1742,5138.1,23004.0,0.474,4,1,4
1743,5143.08,19563.0,0.58,4,2,4
1744,5144.08,30656.0,0.587,4,1,6
1745,5144.18,26975.0,0.679,4,-1,5
1746,5145.46,10376.0,0.571,6,2,4
1747,5157.86,14505.0,0.463,5,-1,6
1748,5162.26,22666.0,0.512,4,-1,4
1749,5166.52,14071.0,0.528,4,2,5
1750,5166.87,17780.0,0.556,4,1,5
1751,5166.99,30797.0,0.861,4,-1,5
1752,5169.85,26057.0,0.463,3,2,5
1753,5172.18,17807.0,0.457,4,1,4
1754,5172.24,20929.0,0.54,4,2,6
1755,5174.61,17740.0,0.511,7,-1,5
1756,5175.57,33035.0,0.936,5,2,6
1757,5176.74,20664.0,0.484,5,-1,3
1758,5179.35,34317.0,0.884,5,-1,4
1759,5183.32,16821.0,0.489,6,-1,5
1760,5186.15,10011.0,0.823,3,2,3
1761,5189.8,16181.0,0.478,4,2,5
1762,5192.13,30134.0,0.796,5,2,5
1763,5193.86,30750.0,0.648,4,2,6
1764,5195.09,22167.0,0.5,5,-1,5
1765,5197.65,12085.0,0.469,4,2,5
1766,5197.98,7877.0,0.516,5,-1,4
1767,5205.12,30002.0,0.511,3,1,5
1768,5213.27,25453.0,0.48,5,-1,6
1769,5217.22,35941.0,0.885,3,-1,6
1770,5221.89,30368.0,0.608,4,1,5
1771,5223.05,30519.0,0.535,4,1,5
1772,5224.5,8940.0,0.379,7,-1,7
1773,5225.74,24928.0,0.564,5,-1,5
1774,5227.95,13981.0,0.532,4,-1,3
1775,5231.97,23149.0,0.511,6,1,5
1776,5233.14,9460.0,0.669,6,2,4
1777,5235.12,15666.0,0.537,4,1,4
1778,5235.27,20691.0,0.506,4,1,4
1779,5238.94,34562.0,0.893,6,2,6
1780,5244.09,28824.0,0.541,5,2,6
1781,5249.76,11619.0,0.635,4,2,2
1782,5253.79,18136.0,0.508,4,2,4
1783,5256.2,10910.0,0.674,4,1,4
1784,5260.26,9187.0,0.643,4,2,4
1785,5270.01,18147.0,0.533,4,-1,6
1786,5270.5,15464.0,0.5,5,-1,4
1787,5272.49,10261.0,0.584,6,2,5
1788,5287.78,25379.0,0.629,4,2,5
1789,5289.88,9997.0,0.632,4,2,3
1790,5289.94,27704.0,0.625,4,-1,5
1791,5292.29,8325.0,0.456,6,-1,5
1792,5295.91,16446.0,0.403,7,-1,7
1793,5297.22,15524.0,0.571,4,2,6
1794,5298.31,29130.0,0.711,4,2,5
1795,5304.41,20258.0,0.546,3,2,5
1796,5307.99,9773.0,0.638,4,2,4
1797,5311.04,32048.0,0.783,4,-1,5
1798,5317.17,22725.0,0.431,4,2,6
1799,5326.39,11191.0,0.68,4,2,2
1800,5327.22,11728.0,0.448,5,2,3
1801,5334.02,22650.0,0.544,3,2,6
1802,5334.58,23590.0,0.601,4,2,4
1803,5345.06,13318.0,0.564,5,2,5
1804,5348.7,10584.0,0.692,4,2,3
1805,5349.96,32208.0,0.863,5,2,5
1806,5352.74,8031.0,0.564,6,2,5
1807,5360.72,11582.0,0.484,4,-1,3
1808,5377.13,17755.0,0.45,5,1,4
1809,5387.45,8348.0,0.441,5,2,7
1810,5387.77,13923.0,0.59,5,1,3
1811,5388.86,18416.0,0.525,3,2,5
1812,5392.49,9212.0,0.831,4,2,2
1813,5393.26,8825.0,0.607,6,1,5
1814,5393.51,14850.0,0.622,5,2,3
1815,5396.65,28471.0,0.584,4,2,5
1816,5398.91,25126.0,0.496,4,2,5
1817,5414.44,10283.0,0.532,5,-1,4
1818,5416.85,17882.0,0.664,5,2,4
1819,5418.8,25496.0,0.487,5,1,4
1820,5424.94,26354.0,0.755,4,-1,5
1821,5426.65,32923.0,0.918,3,2,5
1822,5431.39,22563.0,0.564,4,2,4
1823,5435.78,16314.0,0.614,4,-1,3
1824,5436.17,12238.0,0.386,4,2,5
1825,5443.33,13972.0,0.463,4,-1,7
1826,5446.22,22180.0,0.61,5,2,4
1827,5449.46,7923.0,0.469,4,1,1
1828,5450.68,33141.0,0.782,4,2,4
1829,5454.66,31379.0,0.639,4,2,5
1830,5464.86,12483.0,0.56,3,2,4
1831,5466.98,13933.0,0.481,4,1,3
1832,5472.72,32270.0,0.671,5,-1,5
1833,5477.39,13760.0,0.688,4,2,4
1834,5477.69,14957.0,0.499,5,-1,5
1835,5478.67,9215.0,0.597,4,2,3
1836,5479.76,8589.0,0.684,6,2,3
1837,5482.98,15385.0,0.446,4,-1,4
1838,5483.68,22828.0,0.653,4,-1,3
1839,5488.46,29889.0,0.558,4,1,5
1840,5495.91,9302.0,0.491,4,-1,6
1841,5496.17,10745.0,0.635,4,2,3
1842,5503.4,12352.0,0.523,4,2,7
1843,5518.63,7883.0,0.403,6,-1,5
1844,5522.86,24639.0,0.418,4,2,5
1845,5523.37,18351.0,0.487,5,1,4
1846,5529.79,14065.0,0.678,4,1,4
1847,5533.49,14115.0,0.554,4,-1,5
1848,5538.05,19931.0,0.543,4,2,4
1849,5539.08,10264.0,0.685,4,2,3
1850,5541.7,34291.0,0.885,3,2,6
1851,5546.59,25671.0,0.593,4,2,6
1852,5561.99,34836.0,0.842,3,-1,6
1853,5572.0,19748.0,0.435,6,2,6
1854,5572.73,20513.0,0.449,4,2,6
1855,5573.92,30910.0,0.794,4,-1,5
1856,5574.43,33751.0,0.956,5,2,6
1857,5574.45,25275.0,0.615,4,2,4
1858,5574.48,7622.0,0.449,5,-1,4
1859,5583.01,10370.0,0.626,4,-1,3
1860,5590.84,24942.0,0.527,4,-1,5
1861,5593.59,29312.0,0.655,4,2,5
1862,5596.3,12203.0,0.55,6,-1,6
1863,5602.56,34830.0,0.849,3,2,6
1864,5603.67,14704.0,0.51,5,-1,4
1865,5604.46,15075.0,0.561,5,2,5
1866,5604.95,9710.0,0.451,4,2,3
1867,5616.04,35462.0,0.805,3,2,6
1868,5617.62,30671.0,0.787,4,2,5
1869,5622.1,23750.0,0.62,4,2,6
1870,5626.05,10852.0,0.494,4,1,4
1871,5630.91,24803.0,0.585,5,2,4
1872,5634.35,30730.0,0.598,4,2,6
1873,5640.07,14634.0,0.451,4,1,4
1874,5644.23,30781.0,0.611,4,-1,5
1875,5646.28,13737.0,0.611,5,2,5
1876,5647.47,23289.0,0.594,5,-1,5
1877,5648.33,33911.0,0.869,5,3,6
1878,5654.56,24588.0,0.594,4,-1,6
1879,5655.39,12305.0,0.481,5,2,4
1880,5658.76,13274.0,0.682,5,2,3
1881,5667.74,33011.0,0.713,4,-1,5
1882,5669.9,12987.0,0.528,5,-1,4
1883,5670.62,14663.0,0.573,4,2,4
1884,5675.27,25379.0,0.511,4,2,6
1885,5680.52,10595.0,0.481,6,-1,4
1886,5684.09,11330.0,0.534,4,-1,4
1887,5684.45,18910.0,0.506,4,-1,5
1888,5689.12,11153.0,0.456,4,-1,6
1889,5689.27,34652.0,0.81,4,2,5
1890,5692.96,33730.0,0.749,4,-1,4
1891,5695.95,33205.0,0.657,4,1,5
1892,5697.91,14332.0,0.649,4,-1,3
1893,5703.1,9744.0,0.614,4,2,2
1894,5703.14,15854.0,0.681,4,2,4
1895,5705.83,32345.0,0.656,4,1,5
1896,5708.48,21610.0,0.529,4,2,5
1897,5730.33,34734.0,0.799,4,-1,5
1898,5730.71,9096.0,0.508,4,2,3
1899,5731.54,14023.0,0.413,4,2,5
1900,5733.93,11541.0,0.372,6,2,6
1901,5735.94,18113.0,0.433,4,1,6
1902,5738.16,12733.0,0.443,3,2,5
1903,5740.67,9323.0,0.659,4,2,4
1904,5750.75,13083.0,0.458,3,2,6
1905,5758.73,33851.0,0.756,5,2,6
1906,5769.46,15237.0,0.541,4,1,3
1907,5781.3,8299.0,0.445,5,-1,5
1908,5783.88,15195.0,0.528,5,-1,5
1909,5786.4,17528.0,0.546,3,-1,4
1910,5788.73,10927.0,0.683,5,2,2
1911,5791.63,13758.0,0.597,4,2,7
1912,5795.06,26215.0,0.583,4,2,6
1913,5800.48,12754.0,0.456,3,1,3
1914,5811.0,17079.0,0.51,3,2,5
1915,5812.24,9595.0,0.628,3,2,2
1916,5814.39,11157.0,0.45,4,2,7
1917,5814.76,30332.0,0.518,4,1,4
1918,5823.95,25044.0,0.642,4,2,6
1919,5837.61,7845.0,0.492,5,-1,5
1920,5839.57,11610.0,0.466,4,2,3
1921,5847.81,19910.0,0.493,4,-1,6
1922,5849.32,11881.0,0.644,6,2,4
1923,5851.37,12484.0,0.604,4,2,4
1924,5855.43,20371.0,0.47,4,-1,5
1925,5862.08,16664.0,0.442,4,1,4
1926,5862.13,21323.0,0.388,4,1,6
1927,5867.05,12625.0,0.491,4,2,6
1928,5867.52,9231.0,0.606,5,2,3
1929,5867.97,18058.0,0.476,4,2,6
1930,5874.95,14609.0,0.667,4,-1,3
1931,5877.13,33602.0,0.88,3,-1,6
1932,5881.01,22892.0,0.605,4,2,4
1933,5882.42,9842.0,0.725,6,-1,4
1934,5889.07,35150.0,0.819,4,1,5
1935,5900.81,17747.0,0.617,4,2,4
1936,5910.97,16785.0,0.457,3,2,5
1937,5930.47,14033.0,0.475,4,-1,4
1938,5932.28,12802.0,0.671,3,2,4
1939,5937.64,25007.0,0.504,4,-1,5
1940,5951.42,19990.0,0.543,4,2,5
1941,5959.68,17892.0,0.427,4,-1,7
1942,5961.9,17193.0,0.41,4,1,4
1943,5971.59,10879.0,0.51,5,-1,3
1944,5972.48,34533.0,0.856,3,2,6
1945,5978.18,11884.0,0.309,2,-1,8
1946,5979.29,30663.0,0.802,5,2,4
1947,5985.52,10539.0,0.633,5,1,6
1948,5988.06,31819.0,0.72,5,2,5
1949,5992.67,30467.0,0.757,5,2,5
1950,5993.31,33669.0,0.746,4,2,4
1951,5998.17,13870.0,0.539,4,1,3
1952,6013.92,7882.0,0.345,3,1,3
1953,6017.42,10593.0,0.525,6,-1,4
1954,6024.01,12126.0,0.53,4,1,6
1955,6025.61,11703.0,0.478,6,-1,5
1956,6028.69,18062.0,0.49,4,2,5
1957,6029.28,18104.0,0.478,3,2,6
1958,6044.33,10701.0,0.47,4,2,4
1959,6045.05,7680.0,0.499,4,-1,6
1960,6050.66,9559.0,0.488,4,-1,6
1961,6052.86,21578.0,0.463,4,2,6
1962,6064.11,34588.0,0.809,4,-1,5
1963,6069.4,17635.0,0.504,5,-1,4
1964,6071.06,9945.0,0.448,4,1,6
1965,6076.14,20145.0,0.501,4,1,5
1966,6079.38,10204.0,0.418,4,1,5
1967,6085.1,20197.0,0.549,4,-1,5
1968,6088.96,19608.0,0.495,4,1,4
1969,6089.07,7724.0,0.391,2,1,4
1970,6090.63,18667.0,0.402,4,2,7
1971,6091.7,9817.0,0.525,4,2,4
1972,6109.64,18857.0,0.398,4,1,4
1973,6111.56,34109.0,0.812,4,2,6
1974,6112.18,27484.0,0.609,4,-1,5
1975,6112.8,17636.0,0.519,5,-1,5
1976,6131.47,14722.0,0.549,4,2,4
1977,6131.49,17094.0,0.661,4,-1,3
1978,6132.86,24493.0,0.513,4,-1,5
1979,6133.5,34969.0,0.856,3,2,6
1980,6148.8,20917.0,0.442,4,1,4
1981,6154.3,29407.0,0.715,3,2,5
1982,6175.64,12282.0,0.507,3,-1,4
1983,6176.24,14113.0,0.529,5,2,5
1984,6180.29,25054.0,0.588,5,-1,6
1985,6188.08,32368.0,0.687,4,-1,5
1986,6196.29,16897.0,0.487,4,-1,5
1987,6196.85,10073.0,0.55,6,1,4
1988,6205.79,11647.0,0.537,4,2,4
1989,6217.33,11301.0,0.546,4,2,5
1990,6224.22,15199.0,0.52,4,2,6
1991,6224.95,29416.0,0.582,4,2,5
1992,6232.7,20500.0,0.482,4,-1,5
1993,6235.72,31453.0,0.703,5,-1,5
1994,6244.66,14376.0,0.562,5,2,4
1995,6248.72,34918.0,0.797,4,-1,5
1996,6249.96,14408.0,0.433,4,2,6
1997,6254.91,11528.0,0.508,4,2,5
1998,6258.21,24977.0,0.557,4,1,5
1999,6259.9,31683.0,0.717,3,2,5
2000,6260.15,21402.0,0.442,4,-1,6
2001,6264.4,23291.0,0.629,4,2,5
2002,6272.3,13621.0,0.529,7,2,5
2003,6273.34,22912.0,0.535,4,-1,5
2004,6274.13,31244.0,0.799,4,2,5
2005,6275.86,26629.0,0.565,4,2,5
2006,6279.04,32309.0,0.761,5,2,4
2007,6283.8,10636.0,0.724,4,2,4
2008,6291.65,13517.0,0.56,5,1,3
2009,6291.97,10301.0,0.407,6,-1,6
2010,6293.78,13732.0,0.557,6,-1,5
2011,6298.86,35720.0,0.848,3,2,6
2012,6308.16,21382.0,0.483,4,-1,5
2013,6308.57,31800.0,0.904,5,-1,4
2014,6325.06,28780.0,0.592,4,1,4
2015,6327.41,26745.0,0.583,4,2,5
2016,6332.17,30315.0,0.712,4,2,4
2017,6333.15,23957.0,0.459,4,-1,5
2018,6333.41,9806.0,0.546,3,2,3
2019,6337.67,14739.0,0.38,3,2,7
2020,6343.69,9355.0,0.553,4,-1,1
2021,6360.12,35597.0,0.798,5,2,6
2022,6361.81,10978.0,0.579,4,2,3
2023,6368.1,31850.0,0.845,3,2,6
2024,6368.87,31640.0,0.84,4,2,5
2025,6370.68,10757.0,0.532,5,1,3
2026,6370.98,13189.0,0.465,4,1,4
2027,6380.18,26025.0,0.542,5,-1,6
2028,6380.97,22593.0,0.391,4,2,5
2029,6384.1,29295.0,0.599,4,1,6
2030,6389.18,15346.0,0.585,4,-1,4
2031,6392.87,10329.0,0.41,3,1,5
2032,6407.04,12804.0,0.505,5,1,5
2033,6414.47,33703.0,0.776,4,2,4
2034,6429.85,16398.0,0.486,4,2,5
2035,6430.43,31605.0,0.891,3,2,5
2036,6437.0,23777.0,0.475,4,1,5
2037,6443.34,30696.0,0.806,4,2,5
2038,6445.92,10494.0,0.545,5,-1,6
2039,6452.36,35585.0,0.892,3,2,6
2040,6453.09,26939.0,0.513,5,2,4
2041,6457.93,20122.0,0.483,4,2,6
2042,6463.8,29213.0,0.54,4,2,4
2043,6467.68,11333.0,0.616,5,-1,4
2044,6517.25,10484.0,0.569,3,2,5
2045,6523.18,22848.0,0.526,4,-1,5
2046,6534.15,10562.0,0.656,4,2,3
2047,6545.69,34807.0,0.834,4,-1,6
2048,6545.91,13571.0,0.439,4,-1,6
2049,6546.38,30391.0,0.721,5,2,5
2050,6547.74,9961.0,0.566,5,2,5
2051,6555.02,35093.0,0.855,3,2,6
2052,6558.84,21683.0,0.668,5,-1,3
2053,6562.49,8948.0,0.658,7,-1,1
2054,6577.4,22469.0,0.579,4,2,4
2055,6579.04,11999.0,0.396,5,1,4
2056,6580.56,15331.0,0.505,4,-1,6
2057,6593.49,25088.0,0.543,4,-1,5
2058,6618.07,22648.0,0.517,4,-1,5
2059,6626.14,28407.0,0.737,5,2,5
2060,6652.4,15614.0,0.581,5,-1,4
2061,6653.85,15144.0,0.648,4,-1,5
2062,6662.43,8246.0,0.542,3,2,4
2063,6667.06,19513.0,0.517,4,2,4
2064,6667.85,16546.0,0.387,4,1,7
2065,6676.87,14827.0,0.602,4,2,5
2066,6677.32,10033.0,0.517,4,1,4
2067,6684.45,10629.0,0.474,3,-1,8
2068,6685.28,16048.0,0.554,3,2,4
2069,6695.1,10543.0,0.629,4,-1,3
2070,6695.72,9162.0,0.579,6,-1,4
2071,6695.84,25560.0,0.448,6,2,6
2072,6697.29,12687.0,0.462,5,-1,3
2073,6702.89,25228.0,0.579,4,2,6
2074,6705.81,9390.0,0.509,3,-1,3
2075,6705.96,7682.0,0.47,3,-1,5
2076,6707.15,33844.0,0.879,6,3,7
2077,6725.63,21760.0,0.485,5,-1,6
2078,6731.33,19317.0,0.524,4,2,4
2079,6734.76,27995.0,0.699,4,2,6
2080,6735.85,25755.0,0.567,4,2,4
2081,6758.32,33661.0,0.827,4,2,5
2082,6769.89,24629.0,0.568,4,-1,5
2083,6779.3,16017.0,0.675,6,2,4
2084,6783.71,23604.0,0.647,5,2,5
2085,6794.1,10492.0,0.67,3,2,4
2086,6799.35,22996.0,0.459,4,2,7
2087,6801.14,13232.0,0.724,3,2,4
2088,6801.98,31692.0,0.613,4,1,5
2089,6802.62,20425.0,0.423,4,2,5
2090,6807.31,9580.0,0.852,5,2,3
2091,6809.1,26814.0,0.56,4,2,5
2092,6815.1,29301.0,0.631,4,1,4
2093,6821.37,13494.0,0.589,5,2,5
2094,6823.38,19460.0,0.466,4,1,4
2095,6832.28,23061.0,0.61,4,2,4
2096,6835.78,9437.0,0.498,4,2,4
2097,6836.18,14329.0,0.616,5,-1,6
2098,6839.66,15497.0,0.477,3,-1,5
2099,6849.18,9062.0,0.562,3,2,4
2100,6860.12,11518.0,0.67,3,2,4
2101,6866.44,13111.0,0.456,5,1,7
2102,6926.91,21942.0,0.451,4,-1,6
2103,6929.87,8598.0,0.506,5,2,2
2104,6933.97,27622.0,0.514,4,1,6
2105,6934.7,7927.0,0.479,4,-1,4
2106,6956.67,31843.0,0.981,5,-1,5
2107,6957.48,34330.0,0.825,4,-1,5
2108,6960.19,8300.0,0.61,4,1,2
2109,6961.56,35214.0,0.886,3,2,6
2110,6966.7,34692.0,0.798,4,-1,5
2111,6970.95,18176.0,0.529,5,-1,5
2112,6982.19,15797.0,0.505,5,2,5
2113,6993.71,35563.0,0.821,5,2,6
2114,6999.13,15703.0,0.534,4,-1,5
2115,7003.83,32048.0,0.678,5,2,6
2116,7008.16,33404.0,0.786,4,2,6
2117,7016.46,13220.0,0.503,5,1,4
2118,7017.76,26710.0,0.562,4,-1,5
2119,7035.37,22708.0,0.533,4,-1,4
2120,7040.81,36662.0,0.86,3,-1,6
2121,7060.1,34782.0,0.851,3,2,6
2122,7061.5,33675.0,0.753,4,2,5
2123,7068.12,12841.0,0.565,4,1,3
2124,7080.17,20320.0,0.449,6,-1,5
2125,7086.34,7786.0,0.499,6,-1,5
2126,7103.22,28090.0,0.513,4,2,5
2127,7107.95,33297.0,0.79,3,-1,5
2128,7116.62,30408.0,0.58,4,-1,5
2129,7116.7,14928.0,0.524,4,1,2
2130,7117.51,13921.0,0.444,4,1,5
2131,7126.48,12455.0,0.545,4,1,2
2132,7144.36,8864.0,0.461,4,-1,5
2133,7145.34,29739.0,0.623,4,-1,5
2134,7152.55,27858.0,0.592,4,1,5
2135,7155.39,16948.0,0.634,4,1,3
2136,7157.56,23552.0,0.464,3,2,5
2137,7158.91,20489.0,0.562,4,2,4
2138,7162.66,20649.0,0.436,4,-1,4
2139,7164.5,27452.0,0.629,4,-1,5
2140,7188.06,22357.0,0.571,4,-1,4
2141,7189.12,14884.0,0.532,5,2,4
2142,7192.49,29995.0,0.694,4,-1,5
2143,7194.61,13573.0,0.68,5,-1,4
2144,7195.05,35715.0,0.9,3,-1,7
2145,7224.95,30223.0,0.753,5,2,5
2146,7230.94,9932.0,0.612,6,-1,4
2147,7244.39,11396.0,0.583,4,2,5
2148,7249.42,23907.0,0.527,4,2,5
2149,7263.33,25158.0,0.6,5,-1,6
2150,7272.76,9339.0,0.561,5,-1,3
2151,7272.98,14831.0,0.547,3,2,5
2152,7285.54,9712.0,0.467,4,2,3
2153,7288.6,14689.0,0.627,4,1,4
2154,7316.34,8548.0,0.671,5,-1,2
2155,7319.3,10141.0,0.533,5,1,4
2156,7333.96,19355.0,0.456,4,1,5
2157,7351.82,8013.0,0.513,5,2,5
2158,7374.57,10852.0,0.458,4,2,4
2159,7385.98,12396.0,0.485,4,-1,5
2160,7397.01,8845.0,0.499,6,2,2
2161,7403.03,18461.0,0.579,4,-1,4
2162,7413.1,13156.0,0.491,4,1,1
2163,7415.96,33423.0,0.762,4,-1,6
2164,7420.21,36643.0,0.863,3,-1,5
2165,7433.93,31368.0,0.884,4,2,5
2166,7439.03,22828.0,0.501,5,-1,5
2167,7446.39,9870.0,0.45,5,1,4
2168,7455.69,34680.0,0.804,4,2,5
2169,7464.61,27620.0,0.526,4,2,5
2170,7474.81,20582.0,0.542,4,2,6
2171,7489.3,17944.0,0.49,3,2,6
2172,7492.18,10559.0,0.579,5,1,2
2173,7496.72,10410.0,0.506,4,1,5
2174,7526.89,26215.0,0.614,4,-1,5
2175,7532.34,9549.0,0.686,5,2,2
2176,7539.36,9344.0,0.704,5,2,4
2177,7552.14,19452.0,0.61,4,-1,4
2178,7553.37,32055.0,0.641,4,2,5
2179,7566.5,9312.0,0.478,6,-1,4
2180,7580.15,9247.0,0.459,5,2,5
2181,7588.54,22786.0,0.452,3,2,5
2182,7591.25,12196.0,0.631,4,-1,5
2183,7591.76,11080.0,0.502,4,1,4
2184,7594.53,16703.0,0.526,4,1,5
2185,7594.55,27796.0,0.586,4,-1,5
2186,7603.86,23922.0,0.439,3,2,6
2187,7605.56,24195.0,0.613,4,2,5
2188,7605.82,9005.0,0.58,4,2,4
2189,7620.25,28177.0,0.673,4,-1,5
2190,7637.96,13230.0,0.581,4,2,3
2191,7661.0,7018.0,0.396,3,-1,3
2192,7666.85,10874.0,0.736,5,2,4
2193,7677.05,22157.0,0.492,5,2,5
2194,7678.07,12921.0,0.442,4,2,5
2195,7685.86,18892.0,0.5,5,2,5
2196,7698.92,26468.0,0.604,4,2,4
2197,7699.07,15411.0,0.495,3,2,7
2198,7704.64,32858.0,0.852,4,2,5
2199,7719.34,35564.0,0.89,3,2,6
2200,7728.68,24062.0,0.632,4,2,5
2201,7732.52,20463.0,0.491,4,2,4
2202,7738.33,34744.0,0.868,3,2,6
2203,7759.94,20783.0,0.565,4,2,4
2204,7770.29,10155.0,0.572,5,2,4
2205,7772.94,22329.0,0.415,4,-1,5
2206,7774.45,34162.0,0.796,5,-1,5
2207,7779.91,17905.0,0.524,4,-1,5
2208,7787.49,11937.0,0.513,4,2,5
2209,7791.31,20111.0,0.473,3,2,5
2210,7821.48,34147.0,0.853,3,2,6
2211,7826.39,9534.0,0.53,4,1,4
2212,7829.03,33971.0,0.752,4,-1,6
2213,7840.87,19399.0,0.535,6,2,4
2214,7849.73,35007.0,0.847,4,-1,4
2215,7854.7,25436.0,0.517,4,2,4
2216,7863.58,8668.0,0.682,4,-1,4
2217,7866.86,23478.0,0.552,4,1,6
2218,7871.6,11089.0,0.544,3,2,3
2219,7901.32,12287.0,0.534,4,1,5
2220,7934.63,19397.0,0.544,4,-1,3
2221,7938.56,16110.0,0.465,3,2,5
2222,7951.77,23738.0,0.547,4,2,5
2223,7956.74,24035.0,0.5,4,1,6
2224,7959.7,16514.0,0.431,4,1,5
2225,8009.31,34725.0,0.871,3,2,6
2226,8017.32,29913.0,0.636,4,-1,5
2227,8022.18,34119.0,0.886,5,2,6
2228,8022.39,9474.0,0.538,3,1,5
2229,8023.57,7824.0,0.368,4,2,4
2230,8024.98,12531.0,0.479,3,2,7
2231,8027.41,28160.0,0.71,4,1,5
2232,8030.5,9347.0,0.638,4,2,6
2233,8039.63,15498.0,0.488,5,-1,6
2234,8040.42,7758.0,0.522,4,2,4
2235,8052.25,15621.0,0.511,4,2,5
2236,8056.36,23541.0,0.526,4,-1,5
2237,8057.56,33767.0,0.782,4,1,6
2238,8060.97,10271.0,0.518,6,2,5
2239,8076.98,14272.0,0.513,3,2,7
2240,8081.61,27118.0,0.631,4,-1,5
2241,8082.89,20089.0,0.508,4,1,6
2242,8089.14,28915.0,0.607,5,-1,5
2243,8089.37,9819.0,0.398,4,-1,4
2244,8109.84,16181.0,0.587,3,2,4
2245,8110.03,14095.0,0.588,4,-1,4
2246,8115.15,8467.0,0.4,5,-1,9
2247,8155.18,9458.0,0.443,6,-1,5
2248,8181.27,34801.0,0.832,4,-1,5
2249,8181.7,20767.0,0.57,3,2,6
2250,8187.72,10874.0,0.4,4,-1,6
2251,8202.36,15912.0,0.398,4,1,5
2252,8203.78,13595.0,0.584,4,2,3
2253,8205.32,30240.0,0.619,4,2,6
2254,8207.16,35475.0,0.872,3,-1,6
2255,8211.02,24792.0,0.455,4,-1,4
2256,8213.19,26587.0,0.675,4,2,5
2257,8217.44,14315.0,0.492,6,-1,6
2258,8227.41,28311.0,0.489,4,-1,5
2259,8229.73,12297.0,0.564,4,2,4
2260,8245.16,9701.0,0.473,5,2,7
2261,8261.12,27282.0,0.501,4,2,4
2262,8263.42,32679.0,0.781,4,-1,5
2263,8279.87,14150.0,0.424,7,-1,6
2264,8286.32,33955.0,0.789,4,-1,5
2265,8288.34,9345.0,0.508,6,2,5
2266,8293.76,22815.0,0.582,4,2,5
2267,8303.03,24706.0,0.606,4,2,5
2268,8323.68,34940.0,0.809,4,1,5
2269,8323.79,27402.0,0.679,3,2,6
2270,8324.68,8347.0,0.564,5,2,6
2271,8330.53,32103.0,0.827,4,-1,5
2272,8341.48,26045.0,0.503,4,2,5
2273,8343.78,10811.0,0.691,5,-1,5
2274,8354.9,11618.0,0.426,6,1,4
2275,8376.81,16128.0,0.51,4,1,5
2276,8387.05,13109.0,0.601,4,1,4
2277,8423.2,7529.0,0.396,7,1,5
2278,8440.82,32938.0,0.741,4,2,4
2279,8453.07,13787.0,0.668,4,1,3
2280,8456.8,24732.0,0.525,4,2,7
2281,8461.09,21796.0,0.444,4,2,6
2282,8470.01,14903.0,0.584,4,1,4
2283,8487.0,16891.0,0.541,4,-1,5
2284,8494.19,7587.0,0.372,6,1,4
2285,8496.77,7757.0,0.536,7,2,6
2286,8497.09,15664.0,0.678,3,2,4
2287,8512.07,11729.0,0.545,4,2,4
2288,8542.96,7889.0,0.444,4,-1,5
2289,8548.41,31553.0,0.665,5,-1,5
2290,8559.71,25172.0,0.499,4,-1,4
2291,8561.85,21007.0,0.6,5,-1,5
2292,8562.08,36802.0,0.949,3,-1,6
2293,8564.24,8530.0,0.533,4,-1,5
2294,8565.22,9050.0,0.598,5,2,7
2295,8585.21,27802.0,0.612,4,2,5
2296,8618.29,7945.0,0.541,5,-1,3
2297,8618.89,8653.0,0.559,4,2,2
2298,8625.95,19214.0,0.327,4,1,8
2299,8657.06,14793.0,0.433,5,1,1
2300,8671.33,19197.0,0.59,4,2,4
2301,8672.68,22879.0,0.637,4,-1,5
2302,8673.15,12447.0,0.527,3,2,2
2303,8699.37,10920.0,0.535,4,-1,3
2304,8717.55,13829.0,0.557,5,2,4
2305,8743.07,14560.0,0.581,6,-1,5
2306,8754.51,10810.0,0.573,6,2,5
2307,8757.52,32242.0,0.732,4,2,6
2308,8757.64,10267.0,0.45,4,1,1
2309,8763.45,9451.0,0.462,6,-1,4
2310,8765.35,7533.0,0.408,4,-1,6
2311,8770.02,12545.0,0.596,5,-1,4
2312,8787.39,14640.0,0.521,4,1,4
2313,8823.13,7172.0,0.422,5,1,5
2314,8828.44,11071.0,0.486,5,2,4
2315,8846.52,21500.0,0.495,3,2,5
2316,8870.91,9086.0,0.622,4,-1,3
2317,8875.49,24255.0,0.587,4,-1,5
2318,8885.22,33956.0,0.848,4,-1,5
2319,8911.4,28247.0,0.685,3,2,5
2320,8932.08,18720.0,0.61,4,2,4
2321,8941.6,19858.0,0.401,5,2,6
2322,8948.57,30853.0,0.581,4,-1,4
2323,8952.18,34688.0,0.781,5,-1,5
2324,8959.22,27689.0,0.663,5,-1,5
2325,8973.33,10805.0,0.667,4,2,5
2326,8983.06,22284.0,0.504,4,-1,5
2327,8988.8,12560.0,0.578,4,2,5
2328,8995.65,14548.0,0.72,5,-1,4
2329,9014.38,16574.0,0.551,4,2,3
2330,9022.08,32110.0,0.704,3,2,5
2331,9025.39,8803.0,0.626,4,2,4
2332,9032.43,26412.0,0.416,4,1,6
2333,9044.4,29205.0,0.743,3,2,5
2334,9056.27,10030.0,0.584,4,2,4
2335,9092.8,25679.0,0.517,4,1,4
2336,9105.9,15966.0,0.655,4,-1,5
2337,9118.12,13172.0,0.473,5,2,4
2338,9120.0,13104.0,0.539,4,2,7
2339,9136.86,27898.0,0.817,5,-1,5
2340,9165.13,32658.0,0.668,4,2,6
2341,9172.98,16016.0,0.453,3,2,4
2342,9194.96,13877.0,0.485,7,2,4
2343,9196.35,25672.0,0.613,3,2,6
2344,9228.91,9129.0,0.743,4,2,2
2345,9236.91,9834.0,0.442,4,-1,4
2346,9251.14,23153.0,0.524,4,-1,5
2347,9271.65,25702.0,0.747,4,2,5
2348,9295.29,10100.0,0.36,4,1,3
2349,9301.39,33428.0,0.726,4,-1,5
2350,9319.7,10342.0,0.536,7,-1,6
2351,9324.08,18150.0,0.422,4,1,5
2352,9334.45,15263.0,0.403,5,1,5
2353,9365.36,12695.0,0.632,4,2,4
2354,9400.68,12658.0,0.475,3,2,4
2355,9420.84,9242.0,0.716,4,-1,4
2356,9444.48,7649.0,0.506,6,-1,5
2357,9449.09,10254.0,0.812,5,-1,4
2358,9460.38,15884.0,0.499,4,-1,4
2359,9465.74,19155.0,0.517,5,2,5
2360,9473.05,13957.0,0.495,4,-1,2
2361,9475.42,25483.0,0.548,4,1,5
2362,9490.04,13042.0,0.499,4,2,6
2363,9560.45,23039.0,0.455,4,1,5
2364,9566.41,33822.0,0.798,4,-1,5
2365,9566.96,23847.0,0.692,5,2,4
2366,9626.41,13260.0,0.464,4,1,6
2367,9627.2,15370.0,0.524,3,2,5
2368,9631.17,30614.0,0.696,3,2,5
2369,9696.86,9464.0,0.562,6,-1,4
2370,9699.64,11897.0,0.578,5,-1,4
2371,9705.42,24243.0,0.577,5,2,6
2372,9706.79,31298.0,0.806,4,-1,5
2373,9708.73,27144.0,0.601,4,-1,5
2374,9717.65,7559.0,0.444,4,1,5
2375,9724.37,12724.0,0.634,4,2,2
2376,9748.12,8268.0,0.438,7,2,4
2377,9754.54,26855.0,0.579,4,-1,5
2378,9765.27,14088.0,0.391,4,1,6
2379,9766.96,14156.0,0.504,4,-1,6
2380,9776.37,31862.0,0.671,4,2,4
2381,9780.33,11400.0,0.613,3,2,3
2382,9781.47,8781.0,0.52,4,-1,3
2383,9803.51,9873.0,0.499,5,2,4
2384,9837.29,9929.0,0.445,4,-1,5
2385,9847.93,21803.0,0.502,4,2,4
2386,9860.84,24008.0,0.462,4,2,5
2387,9866.41,31457.0,0.805,4,-1,5
2388,9884.04,14248.0,0.652,5,1,3
2389,9889.8,27648.0,0.523,4,-1,5
2390,9926.88,16085.0,0.436,6,1,5
2391,9964.63,16346.0,0.456,4,1,5
2392,9986.1,9112.0,0.584,4,1,4
2393,9993.35,12209.0,0.588,3,2,1
2394,10015.39,14819.0,0.619,4,2,3
2395,10021.2,20487.0,0.473,4,1,4
2396,10023.16,20194.0,0.6,4,-1,5
2397,10032.63,18093.0,0.906,5,-1,5
2398,10038.91,23078.0,0.657,4,-1,6
2399,10052.91,11831.0,0.434,4,-1,4
2400,10092.74,8515.0,0.69,3,2,6
2401,10104.69,9728.0,0.519,5,2,6
2402,10114.68,20368.0,0.487,4,2,6
2403,10233.72,30053.0,0.584,4,2,4
2404,10241.51,27990.0,0.516,4,1,5
2405,10258.9,28818.0,0.609,4,-1,6
2406,10292.49,17801.0,0.474,5,-1,5
2407,10343.46,31518.0,0.844,4,2,6
2408,10392.26,20587.0,0.626,5,2,6
2409,10411.76,21030.0,0.515,4,1,5
2410,10438.16,19569.0,0.519,4,2,5
2411,10455.16,32884.0,0.887,4,-1,5
2412,10472.0,10485.0,0.583,3,2,4
2413,10475.92,14989.0,0.432,4,2,4
2414,10490.45,11889.0,0.633,4,-1,3
2415,10507.05,31102.0,0.789,4,2,6
2416,10573.35,9386.0,0.474,4,-1,4
2417,10578.73,34049.0,0.878,6,2,6
2418,10582.38,30392.0,0.641,4,-1,5
2419,10584.68,18358.0,0.631,4,2,3
2420,10617.65,18167.0,0.564,4,2,5
2421,10632.31,32075.0,0.807,5,-1,5
2422,10635.46,9830.0,0.599,4,1,5
2423,10654.03,18925.0,0.468,4,-1,5
2424,10656.76,24741.0,0.606,4,2,5
2425,10703.15,15617.0,0.4,4,-1,6
2426,10707.84,12477.0,0.45,4,1,4
2427,10717.91,9227.0,0.632,5,2,4
2428,10775.27,28289.0,0.541,4,1,6
2429,10780.9,18724.0,0.527,4,2,4
2430,10813.91,29851.0,0.78,4,2,5
2431,10821.05,13008.0,0.539,4,1,1
2432,10821.44,19356.0,0.429,4,-1,6
2433,10867.01,29210.0,0.612,4,1,4
2434,10923.33,17217.0,0.527,4,1,4
2435,10930.54,30091.0,0.564,4,-1,5
2436,10973.6,8247.0,0.604,3,2,4
2437,10974.79,19368.0,0.538,5,2,6
2438,10975.73,9801.0,0.544,4,1,4
2439,11046.65,25614.0,0.536,4,2,5
2440,11060.39,10407.0,0.526,6,2,5
2441,11064.98,11591.0,0.643,5,-1,5
2442,11101.42,12354.0,0.688,5,2,4
2443,11121.22,8516.0,0.627,4,2,4
2444,11128.6,15363.0,0.644,4,2,3
2445,11163.06,31045.0,0.616,4,-1,5
2446,11227.34,31213.0,0.631,4,2,4
2447,11229.3,34439.0,0.813,5,-1,5
2448,11264.16,15151.0,0.641,3,2,2
2449,11329.66,14600.0,0.589,4,2,2
2450,11342.42,8727.0,0.612,5,2,1
2451,11383.05,19431.0,0.471,5,-1,5
2452,11384.52,11176.0,0.754,6,2,3
2453,11415.92,28251.0,0.673,3,2,5
2454,11423.28,20174.0,0.515,4,2,5
2455,11430.03,23688.0,0.489,5,2,5
2456,11453.45,10840.0,0.591,4,1,2
2457,11463.18,10449.0,0.617,4,2,5
2458,11519.7,14754.0,0.627,5,-1,6
2459,11611.23,16567.0,0.455,4,1,5
2460,11655.99,10321.0,0.659,4,-1,3
2461,11659.49,22179.0,0.536,5,2,6
2462,11661.34,27746.0,0.585,4,2,5
2463,11677.19,12229.0,0.513,3,1,4
2464,11701.77,28762.0,0.64,4,2,4
2465,11702.31,11527.0,0.407,5,1,4
2466,11745.34,7686.0,0.472,5,2,4
2467,11748.95,12933.0,0.501,6,1,4
2468,11757.63,11072.0,0.532,4,1,4
2469,11786.3,31732.0,0.738,4,2,6
2470,11813.76,10225.0,0.555,5,1,1
2471,11815.23,9298.0,0.427,6,-1,5
2472,11842.86,13403.0,0.581,4,2,5
2473,11848.99,29278.0,0.669,5,-1,5
2474,11889.25,12437.0,0.411,6,1,5
2475,11893.94,21714.0,0.498,4,2,5
2476,11895.22,8781.0,0.653,5,-1,4
2477,11900.43,27749.0,0.702,4,2,6
2478,11902.43,27727.0,0.556,4,2,6
2479,11910.01,15945.0,0.45,4,1,4
2480,11931.98,8782.0,0.579,5,1,4
2481,11996.56,8340.0,0.469,4,2,4
2482,12008.21,21254.0,0.493,5,-1,5
2483,12014.83,27094.0,0.59,4,2,5
2484,12093.87,23674.0,0.62,5,-1,6
2485,12151.14,28776.0,0.699,3,2,6
2486,12175.29,10460.0,0.537,4,2,4
2487,12196.73,16343.0,0.418,4,1,5
2488,12202.92,9278.0,0.611,4,1,2
2489,12296.99,15369.0,0.554,4,-1,4
2490,12298.48,18436.0,0.458,4,1,6
2491,12402.3,30672.0,0.862,4,-1,5
2492,12410.53,31565.0,0.669,4,-1,5
2493,12430.05,15996.0,0.573,4,-1,3
2494,12599.2,14785.0,0.516,4,1,5
2495,12599.86,10970.0,0.508,4,2,5
2496,12618.51,7493.0,0.44,4,1,4
2497,12642.47,11842.0,0.394,4,1,6
